web_scraper_order,web_scraper_start_url,Type,prix,adresse,image
"1767357242-1","https://sn.coinafrique.com/categorie/vetements-homme?page=119","Chemises Giant","17 000CFA","Dakar Plateau, Dakar, Sénégal","https://images.coinafrique.com/thumb_2199415_uploaded_image1_1590844835.jpg"
"1767357242-2","https://sn.coinafrique.com/categorie/vetements-homme?page=119","T-shirts homme","11 500CFA","Biscuiterie, Dakar, Sénégal","https://images.coinafrique.com/thumb_2199325_uploaded_image1_1590843737.jpg"
"1767357242-3","https://sn.coinafrique.com/categorie/vetements-homme?page=119","Ensemble lacoste kaki","11 000CFA","Dakar, Sénégal","https://images.coinafrique.com/thumb_2198774_uploaded_image1_1590838193.jpg"
"1767357242-4","https://sn.coinafrique.com/categorie/vetements-homme?page=119","Ensemble homme","15 000CFA","Dakar, Sénégal","https://images.coinafrique.com/thumb_2198726_uploaded_image1_1590837758.jpg"
"1767357242-5","https://sn.coinafrique.com/categorie/vetements-homme?page=119","Ensemble homme","15 000CFA","Dakar, Sénégal","https://images.coinafrique.com/thumb_2198716_uploaded_image1_1590837667.jpg"
"1767357242-6","https://sn.coinafrique.com/categorie/vetements-homme?page=119","Ensemble chomme","15 000CFA","Dakar, Sénégal","https://images.coinafrique.com/thumb_2198709_uploaded_image1_1590837600.jpg"
"1767357242-7","https://sn.coinafrique.com/categorie/vetements-homme?page=119","Pantalons homme","Prix sur demande","Guediawaye, Dakar, Sénégal","https://images.coinafrique.com/thumb_2198585_uploaded_image1_1590836253.jpg"
"1767357242-8","https://sn.coinafrique.com/categorie/vetements-homme?page=119","Vêtement homme","Prix sur demande","Guediawaye, Dakar, Sénégal","https://images.coinafrique.com/thumb_2198582_uploaded_image1_1590836210.jpg"
"1767357242-9","https://sn.coinafrique.com/categorie/vetements-homme?page=119","Vêtement homme","Prix sur demande","Guediawaye, Dakar, Sénégal","https://images.coinafrique.com/thumb_2198342_uploaded_image1_1590834477.jpg"
"1767357242-10","https://sn.coinafrique.com/categorie/vetements-homme?page=119","Vêtements homme","Prix sur demande","Guediawaye, Dakar, Sénégal","https://images.coinafrique.com/thumb_2198292_uploaded_image1_1590834135.jpg"
"1767357242-11","https://sn.coinafrique.com/categorie/vetements-homme?page=119","Vêtements Homme","Prix sur demande","Guediawaye, Dakar, Sénégal","https://images.coinafrique.com/thumb_2198269_uploaded_image1_1590833952.jpg"
"1767357242-12","https://sn.coinafrique.com/categorie/vetements-homme?page=119","Vêtements hommes","Prix sur demande","Guediawaye, Dakar, Sénégal","https://images.coinafrique.com/thumb_2198259_uploaded_image1_1590833872.jpg"
"1767357242-13","https://sn.coinafrique.com/categorie/vetements-homme?page=119","Polo Lacoste","10 000CFA","Dakar, Sénégal","https://images.coinafrique.com/thumb_2197635_uploaded_image1_1590827558.jpg"
"1767357242-14","https://sn.coinafrique.com/categorie/vetements-homme?page=119","Lacoste homme","10 000CFA","Dakar, Sénégal","https://images.coinafrique.com/thumb_2197625_uploaded_image1_1590827486.jpg"
"1767357242-15","https://sn.coinafrique.com/categorie/vetements-homme?page=119","Lacoste Homme","10 000CFA","Dakar, Sénégal","https://images.coinafrique.com/thumb_2197617_uploaded_image1_1590827440.jpg"
"1767357242-16","https://sn.coinafrique.com/categorie/vetements-homme?page=119","Lacoste homme","10 000CFA","Dakar, Sénégal","https://images.coinafrique.com/thumb_2197608_uploaded_image1_1590827387.jpg"
"1767357242-17","https://sn.coinafrique.com/categorie/vetements-homme?page=119","Polo Lacoste","10 000CFA","Dakar, Sénégal","https://images.coinafrique.com/thumb_2197603_uploaded_image1_1590827349.jpg"
"1767357242-18","https://sn.coinafrique.com/categorie/vetements-homme?page=119","Pantalons Kaki","6 500CFA","Dakar Plateau, Dakar, Sénégal","https://images.coinafrique.com/thumb_2196565_uploaded_image1_1590797135.jpg"
"1767357242-19","https://sn.coinafrique.com/categorie/vetements-homme?page=119","Pantalons Kaki","6 500CFA","Dakar Plateau, Dakar, Sénégal","https://images.coinafrique.com/thumb_2196564_uploaded_image1_1590797069.jpg"
"1767357242-20","https://sn.coinafrique.com/categorie/vetements-homme?page=119","Ensemble vêtements","12 000CFA","Dakar Plateau, Dakar, Sénégal","https://images.coinafrique.com/thumb_2196499_uploaded_image1_1590796189.jpg"
"1767357242-21","https://sn.coinafrique.com/categorie/vetements-homme?page=119","Ensemble homme","12 000CFA","Dakar Plateau, Dakar, Sénégal","https://images.coinafrique.com/thumb_2196495_uploaded_image1_1590796154.jpg"
"1767357242-22","https://sn.coinafrique.com/categorie/vetements-homme?page=119","Ensemble t-shirt + pantalon","12 000CFA","Dakar Plateau, Dakar, Sénégal","https://images.coinafrique.com/thumb_2196491_uploaded_image1_1590796132.jpg"
"1767357242-23","https://sn.coinafrique.com/categorie/vetements-homme?page=119","Ensemble homme","12 000CFA","Dakar Plateau, Dakar, Sénégal","https://images.coinafrique.com/thumb_2196490_uploaded_image1_1590796098.jpg"
"1767357242-24","https://sn.coinafrique.com/categorie/vetements-homme?page=119","Ensemble homme","12 000CFA","Dakar Plateau, Dakar, Sénégal","https://images.coinafrique.com/thumb_2196486_uploaded_image1_1590796052.jpg"
"1767357242-25","https://sn.coinafrique.com/categorie/vetements-homme?page=119","Ensemble homme","12 000CFA","Dakar Plateau, Dakar, Sénégal","https://images.coinafrique.com/thumb_2196484_uploaded_image1_1590796024.jpg"
"1767357242-26","https://sn.coinafrique.com/categorie/vetements-homme?page=119","Ensemble homme","12 000CFA","Dakar Plateau, Dakar, Sénégal","https://images.coinafrique.com/thumb_2196479_uploaded_image1_1590795995.jpg"
"1767357242-27","https://sn.coinafrique.com/categorie/vetements-homme?page=119","Ensemble homme","12 000CFA","Dakar Plateau, Dakar, Sénégal","https://images.coinafrique.com/thumb_2196475_uploaded_image1_1590795968.jpg"
"1767357242-28","https://sn.coinafrique.com/categorie/vetements-homme?page=119","Ensemble","12 000CFA","Dakar Plateau, Dakar, Sénégal","https://images.coinafrique.com/thumb_2196423_uploaded_image1_1590795400.jpg"
"1767357242-29","https://sn.coinafrique.com/categorie/vetements-homme?page=119","T-shirts homme","10 000CFA","Dakar, Sénégal","https://images.coinafrique.com/thumb_2196379_uploaded_image1_1590794721.jpg"
"1767357242-30","https://sn.coinafrique.com/categorie/vetements-homme?page=119","Ensembles costume africain","20 000CFA","Saint Louis, Sénégal","https://images.coinafrique.com/thumb_2196287_uploaded_image1_1590793032.jpg"
"1767357242-31","https://sn.coinafrique.com/categorie/vetements-homme?page=119","Blouson homme","13 000CFA","Dakar, Sénégal","https://images.coinafrique.com/thumb_2196236_uploaded_image1_1590895999.jpg"
"1767357242-32","https://sn.coinafrique.com/categorie/vetements-homme?page=119","T-shirt Turk","4 000CFA","Rufisque, Sénégal","https://images.coinafrique.com/thumb_2195085_uploaded_image1_1590775135.jpg"
"1767357242-33","https://sn.coinafrique.com/categorie/vetements-homme?page=119","Lacostes","10 000CFA","Dakar, Sénégal","https://images.coinafrique.com/thumb_2194396_uploaded_image1_1590769401.jpg"
"1767357242-34","https://sn.coinafrique.com/categorie/vetements-homme?page=119","Lacostes","10 000CFA","Dakar, Sénégal","https://images.coinafrique.com/thumb_2194391_uploaded_image1_1590769348.jpg"
"1767357242-35","https://sn.coinafrique.com/categorie/vetements-homme?page=119","Lacostes","10 000CFA","Dakar, Sénégal","https://images.coinafrique.com/thumb_2194385_uploaded_image1_1590769314.jpg"
"1767357242-36","https://sn.coinafrique.com/categorie/vetements-homme?page=119","Polo Lacoste","10 000CFA","Dakar, Sénégal","https://images.coinafrique.com/thumb_2194382_uploaded_image1_1590769285.jpg"
"1767357242-37","https://sn.coinafrique.com/categorie/vetements-homme?page=119","Lacostes","10 000CFA","Dakar, Sénégal","https://images.coinafrique.com/thumb_2194377_uploaded_image1_1590769246.jpg"
"1767357242-38","https://sn.coinafrique.com/categorie/vetements-homme?page=119","Lacoste","10 000CFA","Dakar, Sénégal","https://images.coinafrique.com/thumb_2194368_uploaded_image1_1590769159.jpg"
"1767357242-39","https://sn.coinafrique.com/categorie/vetements-homme?page=119","Pantalon homme","10 000CFA","Dakar, Sénégal","https://images.coinafrique.com/thumb_2194269_uploaded_image1_1590768120.jpg"
"1767357242-40","https://sn.coinafrique.com/categorie/vetements-homme?page=119","Tee-shirts","5 000CFA","Dakar, Sénégal","https://images.coinafrique.com/thumb_2193874_uploaded_image1_1590763528.jpg"
"1767357242-41","https://sn.coinafrique.com/categorie/vetements-homme?page=119","Ensemble homme","12 000CFA","Dakar, Sénégal","https://images.coinafrique.com/thumb_2193841_uploaded_image1_1590763102.jpg"
"1767357242-42","https://sn.coinafrique.com/categorie/vetements-homme?page=119","Pantalon et t-shirt","12 000CFA","Guediawaye, Dakar, Sénégal","https://images.coinafrique.com/thumb_2192716_uploaded_image1_1590750847.jpg"
"1767357242-43","https://sn.coinafrique.com/categorie/vetements-homme?page=119","Ensemble blouson","25 000CFA","Dakar, Sénégal","https://images.coinafrique.com/thumb_2192607_uploaded_image1_1590750206.jpg"
"1767357242-44","https://sn.coinafrique.com/categorie/vetements-homme?page=119","Ensemble homme","25 000CFA","Dakar, Sénégal","https://images.coinafrique.com/thumb_2192595_uploaded_image1_1590750138.jpg"
"1767357242-45","https://sn.coinafrique.com/categorie/vetements-homme?page=119","Lacoste","10 000CFA","Dakar, Sénégal","https://images.coinafrique.com/thumb_2192589_uploaded_image1_1590750101.jpg"
"1767357242-46","https://sn.coinafrique.com/categorie/vetements-homme?page=119","Ensemble t-shirt + culotte","12 000CFA","Rufisque, Sénégal","https://images.coinafrique.com/thumb_2190286_uploaded_image1_1590713796.jpg"
"1767357242-47","https://sn.coinafrique.com/categorie/vetements-homme?page=119","Ensemble homme","13 500CFA","Rufisque, Sénégal","https://images.coinafrique.com/thumb_2190282_uploaded_image1_1590713706.jpg"
"1767357242-48","https://sn.coinafrique.com/categorie/vetements-homme?page=119","Tee-shirt unique","3 000CFA","Dakar, Sénégal","https://images.coinafrique.com/thumb_2190205_uploaded_image1_1590711685.jpg"
"1767357242-49","https://sn.coinafrique.com/categorie/vetements-homme?page=119","Ensemble homme","Prix sur demande","Dakar Plateau, Dakar, Sénégal","https://images.coinafrique.com/thumb_2189970_uploaded_image1_1590708428.jpg"
"1767357242-50","https://sn.coinafrique.com/categorie/vetements-homme?page=119","Ensemble homme","Prix sur demande","Dakar Plateau, Dakar, Sénégal","https://images.coinafrique.com/thumb_2189968_uploaded_image1_1590708403.jpg"
"1767357242-51","https://sn.coinafrique.com/categorie/vetements-homme?page=119","Ensemble Homme","Prix sur demande","Dakar Plateau, Dakar, Sénégal","https://images.coinafrique.com/thumb_2189966_uploaded_image1_1590708372.jpg"
"1767357242-52","https://sn.coinafrique.com/categorie/vetements-homme?page=119","Pantalon Kaki","6 500CFA","Dakar Plateau, Dakar, Sénégal","https://images.coinafrique.com/thumb_2189902_uploaded_image1_1590707627.jpg"
"1767357242-53","https://sn.coinafrique.com/categorie/vetements-homme?page=119","Pantalon kaki","6 500CFA","Dakar Plateau, Dakar, Sénégal","https://images.coinafrique.com/thumb_2189898_uploaded_image1_1590707584.jpg"
"1767357242-54","https://sn.coinafrique.com/categorie/vetements-homme?page=119","Pantalon kaki","6 500CFA","Dakar Plateau, Dakar, Sénégal","https://images.coinafrique.com/thumb_2189892_uploaded_image1_1590707546.jpg"
"1767357242-55","https://sn.coinafrique.com/categorie/vetements-homme?page=119","Pantalons","8 500CFA","Dakar Plateau, Dakar, Sénégal","https://images.coinafrique.com/thumb_2189890_uploaded_image1_1590707517.jpg"
"1767357242-56","https://sn.coinafrique.com/categorie/vetements-homme?page=119","Pantalon homme","8 500CFA","Dakar Plateau, Dakar, Sénégal","https://images.coinafrique.com/thumb_2189887_uploaded_image1_1590707485.jpg"
"1767357242-57","https://sn.coinafrique.com/categorie/vetements-homme?page=119","Pantalons homme","8 500CFA","Dakar Plateau, Dakar, Sénégal","https://images.coinafrique.com/thumb_2189885_uploaded_image1_1590707453.jpg"
"1767357242-58","https://sn.coinafrique.com/categorie/vetements-homme?page=119","Ensemble homme","12 000CFA","Dakar Plateau, Dakar, Sénégal","https://images.coinafrique.com/thumb_2189861_uploaded_image1_1590707166.jpg"
"1767357242-59","https://sn.coinafrique.com/categorie/vetements-homme?page=119","Ensemble pantalons et chemises","12 000CFA","Dakar Plateau, Dakar, Sénégal","https://images.coinafrique.com/thumb_2189857_uploaded_image1_1590707119.jpg"
"1767357242-60","https://sn.coinafrique.com/categorie/vetements-homme?page=119","Ensemble homme","12 000CFA","Dakar Plateau, Dakar, Sénégal","https://images.coinafrique.com/thumb_2189853_uploaded_image1_1590707088.jpg"
"1767357242-61","https://sn.coinafrique.com/categorie/vetements-homme?page=119","Ensemble homme","12 000CFA","Dakar Plateau, Dakar, Sénégal","https://images.coinafrique.com/thumb_2189848_uploaded_image1_1590707053.jpg"
"1767357242-62","https://sn.coinafrique.com/categorie/vetements-homme?page=119","Ensemble homme","12 000CFA","Dakar Plateau, Dakar, Sénégal","https://images.coinafrique.com/thumb_2189844_uploaded_image1_1590707025.jpg"
"1767357242-63","https://sn.coinafrique.com/categorie/vetements-homme?page=119","Ensemble","12 000CFA","Dakar Plateau, Dakar, Sénégal","https://images.coinafrique.com/thumb_2189840_uploaded_image1_1590706983.jpg"
"1767357242-64","https://sn.coinafrique.com/categorie/vetements-homme?page=119","Ensemble pantalons et chemises","12 000CFA","Dakar Plateau, Dakar, Sénégal","https://images.coinafrique.com/thumb_2189839_uploaded_image1_1590706952.jpg"
"1767357242-65","https://sn.coinafrique.com/categorie/vetements-homme?page=119","Ensemble homme","12 000CFA","Dakar Plateau, Dakar, Sénégal","https://images.coinafrique.com/thumb_2189836_uploaded_image1_1590706920.jpg"
"1767357242-66","https://sn.coinafrique.com/categorie/vetements-homme?page=119","Ensemble Homme","12 000CFA","Dakar Plateau, Dakar, Sénégal","https://images.coinafrique.com/thumb_2189830_uploaded_image1_1590706867.jpg"
"1767357242-67","https://sn.coinafrique.com/categorie/vetements-homme?page=119","Ensemble homme","12 000CFA","Dakar Plateau, Dakar, Sénégal","https://images.coinafrique.com/thumb_2189827_uploaded_image1_1590706835.jpg"
"1767357242-68","https://sn.coinafrique.com/categorie/vetements-homme?page=119","Ensemble Homme","12 000CFA","Dakar Plateau, Dakar, Sénégal","https://images.coinafrique.com/thumb_2189826_uploaded_image1_1590706764.jpg"
"1767357242-69","https://sn.coinafrique.com/categorie/vetements-homme?page=119","Ensemble Homme","10 000CFA","Dakar Plateau, Dakar, Sénégal","https://images.coinafrique.com/thumb_2189713_uploaded_image1_1590705276.jpg"
"1767357242-70","https://sn.coinafrique.com/categorie/vetements-homme?page=119","Ensemble homme","10 000CFA","Dakar Plateau, Dakar, Sénégal","https://images.coinafrique.com/thumb_2189709_uploaded_image1_1590705250.jpg"
"1767357242-71","https://sn.coinafrique.com/categorie/vetements-homme?page=119","Ensemble","10 000CFA","Dakar Plateau, Dakar, Sénégal","https://images.coinafrique.com/thumb_2189707_uploaded_image1_1590705218.jpg"
"1767357242-72","https://sn.coinafrique.com/categorie/vetements-homme?page=119","Ensemble Homme","17 000CFA","Dakar Plateau, Dakar, Sénégal","https://images.coinafrique.com/thumb_2189703_uploaded_image1_1590705196.jpg"
"1767357242-73","https://sn.coinafrique.com/categorie/vetements-homme?page=119","Ensemble homme","17 000CFA","Dakar Plateau, Dakar, Sénégal","https://images.coinafrique.com/thumb_2189700_uploaded_image1_1590705160.jpg"
"1767357242-74","https://sn.coinafrique.com/categorie/vetements-homme?page=119","Ensemble pantalons et t-shirt","17 000CFA","Dakar Plateau, Dakar, Sénégal","https://images.coinafrique.com/thumb_2189698_uploaded_image1_1590705134.jpg"
"1767357242-75","https://sn.coinafrique.com/categorie/vetements-homme?page=119","Ensemble","13 000CFA","Dakar Plateau, Dakar, Sénégal","https://images.coinafrique.com/thumb_2189695_uploaded_image1_1590705093.jpg"
"1767357242-76","https://sn.coinafrique.com/categorie/vetements-homme?page=119","Ensemble homme","12 000CFA","Dakar Plateau, Dakar, Sénégal","https://images.coinafrique.com/thumb_2189688_uploaded_image1_1590705064.jpg"
"1767357242-77","https://sn.coinafrique.com/categorie/vetements-homme?page=119","Ensemble homme","12 000CFA","Dakar Plateau, Dakar, Sénégal","https://images.coinafrique.com/thumb_2189626_uploaded_image1_1590704538.jpg"
"1767357242-78","https://sn.coinafrique.com/categorie/vetements-homme?page=119","Ensemble homme","12 000CFA","Dakar Plateau, Dakar, Sénégal","https://images.coinafrique.com/thumb_2189620_uploaded_image1_1590704504.jpg"
"1767357242-79","https://sn.coinafrique.com/categorie/vetements-homme?page=119","Ensemble homme","12 000CFA","Dakar Plateau, Dakar, Sénégal","https://images.coinafrique.com/thumb_2189617_uploaded_image1_1590704480.jpg"
"1767357242-80","https://sn.coinafrique.com/categorie/vetements-homme?page=119","Ensemble vêtements","12 000CFA","Dakar Plateau, Dakar, Sénégal","https://images.coinafrique.com/thumb_2189614_uploaded_image1_1590704453.jpg"
"1767357242-81","https://sn.coinafrique.com/categorie/vetements-homme?page=119","Ensemble homme","12 000CFA","Dakar Plateau, Dakar, Sénégal","https://images.coinafrique.com/thumb_2189612_uploaded_image1_1590704430.jpg"
"1767357242-82","https://sn.coinafrique.com/categorie/vetements-homme?page=119","Ensemble vêtements","12 000CFA","Dakar Plateau, Dakar, Sénégal","https://images.coinafrique.com/thumb_2189608_uploaded_image1_1590704368.jpg"
"1767357242-83","https://sn.coinafrique.com/categorie/vetements-homme?page=119","Ensemble homme","12 000CFA","Dakar Plateau, Dakar, Sénégal","https://images.coinafrique.com/thumb_2189606_uploaded_image1_1590704337.jpg"
"1767357242-84","https://sn.coinafrique.com/categorie/vetements-homme?page=119","Tunique","12 000CFA","Dakar Plateau, Dakar, Sénégal","https://images.coinafrique.com/thumb_2189602_uploaded_image1_1590704314.jpg"
"1767357249-85","https://sn.coinafrique.com/categorie/vetements-homme?page=118","Pantalon kaki","Prix sur demande","HLM, Dakar, Sénégal","https://images.coinafrique.com/thumb_2214246_uploaded_image1_1591100306.jpg"
"1767357249-86","https://sn.coinafrique.com/categorie/vetements-homme?page=118","T-shirt Lacoste","Prix sur demande","HLM, Dakar, Sénégal","https://images.coinafrique.com/thumb_2213992_uploaded_image1_1591098283.jpg"
"1767357249-87","https://sn.coinafrique.com/categorie/vetements-homme?page=118","T-shirt Lacoste","10 000CFA","Dakar, Sénégal","https://images.coinafrique.com/thumb_2213389_uploaded_image1_1591092826.jpg"
"1767357249-88","https://sn.coinafrique.com/categorie/vetements-homme?page=118","T-shirt Lacoste","10 000CFA","Dakar, Sénégal","https://images.coinafrique.com/thumb_2213375_uploaded_image1_1591092737.jpg"
"1767357249-89","https://sn.coinafrique.com/categorie/vetements-homme?page=118","Polo Lacoste","10 000CFA","Dakar, Sénégal","https://images.coinafrique.com/thumb_2213367_uploaded_image1_1591092634.jpg"
"1767357249-90","https://sn.coinafrique.com/categorie/vetements-homme?page=118","Polo Lacoste","10 000CFA","Dakar, Sénégal","https://images.coinafrique.com/thumb_2213361_uploaded_image1_1591092598.jpg"
"1767357249-91","https://sn.coinafrique.com/categorie/vetements-homme?page=118","Ensemble homme","Prix sur demande","Parcelle Assainies, Dakar, Sénégal","https://images.coinafrique.com/thumb_2212030_uploaded_image1_1591069300.jpg"
"1767357249-92","https://sn.coinafrique.com/categorie/vetements-homme?page=118","Ensemble","Prix sur demande","Parcelle Assainies, Dakar, Sénégal","https://images.coinafrique.com/thumb_2212026_uploaded_image1_1591069216.jpg"
"1767357249-93","https://sn.coinafrique.com/categorie/vetements-homme?page=118","Ensemble vêtements homme","12 000CFA","Dakar Plateau, Dakar, Sénégal","https://images.coinafrique.com/thumb_2211624_uploaded_image1_1591054042.jpg"
"1767357249-94","https://sn.coinafrique.com/categorie/vetements-homme?page=118","Ensemble homme","12 000CFA","Dakar Plateau, Dakar, Sénégal","https://images.coinafrique.com/thumb_2211620_uploaded_image1_1591053981.jpg"
"1767357249-95","https://sn.coinafrique.com/categorie/vetements-homme?page=118","Ensemble vêtements homme","12 000CFA","Dakar Plateau, Dakar, Sénégal","https://images.coinafrique.com/thumb_2211619_uploaded_image1_1591053945.jpg"
"1767357249-96","https://sn.coinafrique.com/categorie/vetements-homme?page=118","Ensemble homme","12 000CFA","Dakar Plateau, Dakar, Sénégal","https://images.coinafrique.com/thumb_2211618_uploaded_image1_1591053912.jpg"
"1767357249-97","https://sn.coinafrique.com/categorie/vetements-homme?page=118","Débardeur homme","6 500CFA","Dakar, Sénégal","https://images.coinafrique.com/thumb_2211265_uploaded_image1_1591048417.jpg"
"1767357249-98","https://sn.coinafrique.com/categorie/vetements-homme?page=118","Débardeur basket","6 500CFA","Dakar, Sénégal","https://images.coinafrique.com/thumb_2211259_uploaded_image1_1591048364.jpg"
"1767357249-99","https://sn.coinafrique.com/categorie/vetements-homme?page=118","Vêtements  homme","6 000CFA","Geule Tapée, Dakar, Sénégal","https://images.coinafrique.com/thumb_2210699_uploaded_image1_1591039759.jpg"
"1767357249-100","https://sn.coinafrique.com/categorie/vetements-homme?page=118","Vêtements  homme","6 000CFA","Geule Tapée, Dakar, Sénégal","https://images.coinafrique.com/thumb_2210689_uploaded_image1_1591039658.jpg"
"1767357249-101","https://sn.coinafrique.com/categorie/vetements-homme?page=118","Pack 4 polos","9 900CFA","Biscuiterie, Dakar, Sénégal","https://images.coinafrique.com/thumb_2210336_uploaded_image1_1591035913.jpg"
"1767357249-102","https://sn.coinafrique.com/categorie/vetements-homme?page=118","T-shirt","Prix sur demande","Sicap Liberté, Dakar, Sénégal","https://images.coinafrique.com/thumb_2209857_uploaded_image1_1591029610.jpg"
"1767357249-103","https://sn.coinafrique.com/categorie/vetements-homme?page=118","T-shirt","Prix sur demande","Sicap Liberté, Dakar, Sénégal","https://images.coinafrique.com/thumb_2209853_uploaded_image1_1591029568.jpg"
"1767357249-104","https://sn.coinafrique.com/categorie/vetements-homme?page=118","T-shirt","Prix sur demande","Sicap Liberté, Dakar, Sénégal","https://images.coinafrique.com/thumb_2209840_uploaded_image1_1591029475.jpg"
"1767357249-105","https://sn.coinafrique.com/categorie/vetements-homme?page=118","T-shirt","Prix sur demande","Sicap Liberté, Dakar, Sénégal","https://images.coinafrique.com/thumb_2209798_uploaded_image1_1591029079.jpg"
"1767357249-106","https://sn.coinafrique.com/categorie/vetements-homme?page=118","Pantalons coton","6 000CFA","Guediawaye, Dakar, Sénégal","https://images.coinafrique.com/thumb_2209222_uploaded_image1_1591022525.jpg"
"1767357249-107","https://sn.coinafrique.com/categorie/vetements-homme?page=118","Tee-shirt","9 000CFA","Dakar, Sénégal","https://images.coinafrique.com/thumb_2208797_uploaded_image1_1591017550.jpg"
"1767357249-108","https://sn.coinafrique.com/categorie/vetements-homme?page=118","Ensemble homme","13 000CFA","Dakar, Sénégal","https://images.coinafrique.com/thumb_2208788_uploaded_image1_1591017474.jpg"
"1767357249-109","https://sn.coinafrique.com/categorie/vetements-homme?page=118","T-Shirt","26 000CFA","Yoff, Dakar, Sénégal","https://images.coinafrique.com/thumb_2206460_uploaded_image1_1590974023.jpg"
"1767357249-110","https://sn.coinafrique.com/categorie/vetements-homme?page=118","Pantalons","6 500CFA","Dakar Plateau, Dakar, Sénégal","https://images.coinafrique.com/thumb_2206049_uploaded_image1_1590966321.jpg"
"1767357249-111","https://sn.coinafrique.com/categorie/vetements-homme?page=118","Pantalons","6 500CFA","Dakar Plateau, Dakar, Sénégal","https://images.coinafrique.com/thumb_2206045_uploaded_image1_1590966256.jpg"
"1767357249-112","https://sn.coinafrique.com/categorie/vetements-homme?page=118","Pantalons","6 500CFA","Dakar Plateau, Dakar, Sénégal","https://images.coinafrique.com/thumb_2206043_uploaded_image1_1590966213.jpg"
"1767357249-113","https://sn.coinafrique.com/categorie/vetements-homme?page=118","Ensemble","12 000CFA","Dakar Plateau, Dakar, Sénégal","https://images.coinafrique.com/thumb_2206039_uploaded_image1_1590966154.jpg"
"1767357249-114","https://sn.coinafrique.com/categorie/vetements-homme?page=118","Ensemble","12 000CFA","Dakar Plateau, Dakar, Sénégal","https://images.coinafrique.com/thumb_2206034_uploaded_image1_1590966083.jpg"
"1767357249-115","https://sn.coinafrique.com/categorie/vetements-homme?page=118","Ensemble vêtements homme","12 000CFA","Dakar Plateau, Dakar, Sénégal","https://images.coinafrique.com/thumb_2206033_uploaded_image1_1590966033.jpg"
"1767357249-116","https://sn.coinafrique.com/categorie/vetements-homme?page=118","Ensemble","12 000CFA","Dakar Plateau, Dakar, Sénégal","https://images.coinafrique.com/thumb_2206025_uploaded_image1_1590965977.jpg"
"1767357249-117","https://sn.coinafrique.com/categorie/vetements-homme?page=118","Ensemble vêtements homme","12 000CFA","Dakar Plateau, Dakar, Sénégal","https://images.coinafrique.com/thumb_2206005_uploaded_image1_1590965735.jpg"
"1767357249-118","https://sn.coinafrique.com/categorie/vetements-homme?page=118","Ensemble vêtements homme","12 000CFA","Dakar Plateau, Dakar, Sénégal","https://images.coinafrique.com/thumb_2206001_uploaded_image1_1590965700.jpg"
"1767357249-119","https://sn.coinafrique.com/categorie/vetements-homme?page=118","Ensemble vêtements homme","12 000CFA","Dakar Plateau, Dakar, Sénégal","https://images.coinafrique.com/thumb_2205998_uploaded_image1_1590965666.jpg"
"1767357249-120","https://sn.coinafrique.com/categorie/vetements-homme?page=118","Ensemble vêtements homme","12 000CFA","Dakar Plateau, Dakar, Sénégal","https://images.coinafrique.com/thumb_2205992_uploaded_image1_1590965631.jpg"
"1767357249-121","https://sn.coinafrique.com/categorie/vetements-homme?page=118","Ensemble vêtements homme","12 000CFA","Dakar Plateau, Dakar, Sénégal","https://images.coinafrique.com/thumb_2205988_uploaded_image1_1590965597.jpg"
"1767357249-122","https://sn.coinafrique.com/categorie/vetements-homme?page=118","Ensemble","12 000CFA","Dakar Plateau, Dakar, Sénégal","https://images.coinafrique.com/thumb_2205985_uploaded_image1_1590965562.jpg"
"1767357249-123","https://sn.coinafrique.com/categorie/vetements-homme?page=118","Ensemble vêtements homme","12 000CFA","Dakar Plateau, Dakar, Sénégal","https://images.coinafrique.com/thumb_2205979_uploaded_image1_1590965524.jpg"
"1767357249-124","https://sn.coinafrique.com/categorie/vetements-homme?page=118","Ensemble vêtements homme","12 000CFA","Dakar Plateau, Dakar, Sénégal","https://images.coinafrique.com/thumb_2205977_uploaded_image1_1590965489.jpg"
"1767357249-125","https://sn.coinafrique.com/categorie/vetements-homme?page=118","Ensemble vêtements homme","15 000CFA","Dakar, Sénégal","https://images.coinafrique.com/thumb_2205670_uploaded_image1_1590961746.jpg"
"1767357249-126","https://sn.coinafrique.com/categorie/vetements-homme?page=118","Pantalon kaki","10 000CFA","Dakar, Sénégal","https://images.coinafrique.com/thumb_2205261_uploaded_image1_1590956227.jpg"
"1767357249-127","https://sn.coinafrique.com/categorie/vetements-homme?page=118","Bombers","13 500CFA","Dakar, Sénégal","https://images.coinafrique.com/thumb_2205168_uploaded_image1_1590955066.jpg"
"1767357249-128","https://sn.coinafrique.com/categorie/vetements-homme?page=118","T-shirt coton","Prix sur demande","Geule Tapée, Dakar, Sénégal","https://images.coinafrique.com/thumb_2204961_uploaded_image1_1590951580.jpg"
"1767357249-129","https://sn.coinafrique.com/categorie/vetements-homme?page=118","Ensemble Polo - Pantalon","15 000CFA","Dakar, Sénégal","https://images.coinafrique.com/thumb_2204694_uploaded_image1_1590947738.jpg"
"1767357249-130","https://sn.coinafrique.com/categorie/vetements-homme?page=118","Ensemble Polo - Pantalon","15 000CFA","Dakar, Sénégal","https://images.coinafrique.com/thumb_2204691_uploaded_image1_1590947693.jpg"
"1767357249-131","https://sn.coinafrique.com/categorie/vetements-homme?page=118","Ensemble homme","15 000CFA","Dakar, Sénégal","https://images.coinafrique.com/thumb_2204687_uploaded_image1_1590947650.jpg"
"1767357249-132","https://sn.coinafrique.com/categorie/vetements-homme?page=118","Ensemble jogging","12 000CFA","Dakar, Sénégal","https://images.coinafrique.com/thumb_2204636_uploaded_image1_1590946712.jpg"
"1767357249-133","https://sn.coinafrique.com/categorie/vetements-homme?page=118","Ensemble t-shirt chaussures","17 000CFA","Dakar, Sénégal","https://images.coinafrique.com/thumb_2204615_uploaded_image1_1590946424.jpg"
"1767357249-134","https://sn.coinafrique.com/categorie/vetements-homme?page=118","Ensemble t-shirt - chaussures","17 000CFA","Dakar, Sénégal","https://images.coinafrique.com/thumb_2204613_uploaded_image1_1590946377.jpg"
"1767357249-135","https://sn.coinafrique.com/categorie/vetements-homme?page=118","Blouson","25 000CFA","Dakar, Sénégal","https://images.coinafrique.com/thumb_2204607_uploaded_image1_1590946319.jpg"
"1767357249-136","https://sn.coinafrique.com/categorie/vetements-homme?page=118","Blouson","25 000CFA","Dakar, Sénégal","https://images.coinafrique.com/thumb_2204603_uploaded_image1_1590946279.jpg"
"1767357249-137","https://sn.coinafrique.com/categorie/vetements-homme?page=118","T-shirt homme","6 000CFA","Dakar, Sénégal","https://images.coinafrique.com/thumb_2203690_uploaded_image1_1590932194.jpg"
"1767357249-138","https://sn.coinafrique.com/categorie/vetements-homme?page=118","Ensemble homme","20 000CFA","Dakar, Sénégal","https://images.coinafrique.com/thumb_2203155_uploaded_image1_1590925702.jpg"
"1767357249-139","https://sn.coinafrique.com/categorie/vetements-homme?page=118","Polo Lacoste","10 000CFA","Dakar, Sénégal","https://images.coinafrique.com/thumb_2203152_uploaded_image1_1590925667.jpg"
"1767357249-140","https://sn.coinafrique.com/categorie/vetements-homme?page=118","Pantalon Kaki","10 000CFA","Dakar, Sénégal","https://images.coinafrique.com/thumb_2203150_uploaded_image1_1590925637.jpg"
"1767357249-141","https://sn.coinafrique.com/categorie/vetements-homme?page=118","Chemises Giant","17 000CFA","Dakar Plateau, Dakar, Sénégal","https://images.coinafrique.com/thumb_2203142_uploaded_image1_1590925540.jpg"
"1767357249-142","https://sn.coinafrique.com/categorie/vetements-homme?page=118","Chemises Giant","17 000CFA","Dakar Plateau, Dakar, Sénégal","https://images.coinafrique.com/thumb_2203140_uploaded_image1_1590925473.jpg"
"1767357249-143","https://sn.coinafrique.com/categorie/vetements-homme?page=118","Pantalon homme","12 000CFA","Dakar Plateau, Dakar, Sénégal","https://images.coinafrique.com/thumb_2203135_uploaded_image1_1590925302.jpg"
"1767357249-144","https://sn.coinafrique.com/categorie/vetements-homme?page=118","Chemises Giant","17 000CFA","Dakar Plateau, Dakar, Sénégal","https://images.coinafrique.com/thumb_2203128_uploaded_image1_1590925208.jpg"
"1767357249-145","https://sn.coinafrique.com/categorie/vetements-homme?page=118","Pantalon jeans","10 000CFA","Dakar, Sénégal","https://images.coinafrique.com/thumb_2203003_uploaded_image1_1590922327.jpg"
"1767357249-146","https://sn.coinafrique.com/categorie/vetements-homme?page=118","Pantalon jeans","10 000CFA","Dakar, Sénégal","https://images.coinafrique.com/thumb_2203001_uploaded_image1_1590922298.jpg"
"1767357249-147","https://sn.coinafrique.com/categorie/vetements-homme?page=118","Ensemble t-shirt","12 000CFA","Dakar Plateau, Dakar, Sénégal","https://images.coinafrique.com/thumb_2201841_uploaded_image1_1590884253.jpg"
"1767357249-148","https://sn.coinafrique.com/categorie/vetements-homme?page=118","Ensemble homme","12 000CFA","Dakar Plateau, Dakar, Sénégal","https://images.coinafrique.com/thumb_2201839_uploaded_image1_1590884222.jpg"
"1767357249-149","https://sn.coinafrique.com/categorie/vetements-homme?page=118","Ensemble vêtements homme","12 000CFA","Dakar Plateau, Dakar, Sénégal","https://images.coinafrique.com/thumb_2201837_uploaded_image1_1590884193.jpg"
"1767357249-150","https://sn.coinafrique.com/categorie/vetements-homme?page=118","Ensemble vêtements homme","12 000CFA","Dakar Plateau, Dakar, Sénégal","https://images.coinafrique.com/thumb_2201834_uploaded_image1_1590884159.jpg"
"1767357249-151","https://sn.coinafrique.com/categorie/vetements-homme?page=118","Ensemble homme","12 000CFA","Dakar Plateau, Dakar, Sénégal","https://images.coinafrique.com/thumb_2201831_uploaded_image1_1590884138.jpg"
"1767357249-152","https://sn.coinafrique.com/categorie/vetements-homme?page=118","Ensemble vêtements homme","12 000CFA","Dakar Plateau, Dakar, Sénégal","https://images.coinafrique.com/thumb_2201830_uploaded_image1_1590884118.jpg"
"1767357249-153","https://sn.coinafrique.com/categorie/vetements-homme?page=118","Ensemble homme","12 000CFA","Dakar Plateau, Dakar, Sénégal","https://images.coinafrique.com/thumb_2201827_uploaded_image1_1590884022.jpg"
"1767357249-154","https://sn.coinafrique.com/categorie/vetements-homme?page=118","Ensemble vêtements homme","12 000CFA","Dakar Plateau, Dakar, Sénégal","https://images.coinafrique.com/thumb_2201825_uploaded_image1_1590883991.jpg"
"1767357249-155","https://sn.coinafrique.com/categorie/vetements-homme?page=118","Ensemble homme","12 000CFA","Dakar Plateau, Dakar, Sénégal","https://images.coinafrique.com/thumb_2201822_uploaded_image1_1590883954.jpg"
"1767357249-156","https://sn.coinafrique.com/categorie/vetements-homme?page=118","Ensemble kaki lacoste","Prix sur demande","Parcelle Assainies, Dakar, Sénégal","https://images.coinafrique.com/thumb_2201773_uploaded_image1_1590883062.jpg"
"1767357249-157","https://sn.coinafrique.com/categorie/vetements-homme?page=118","T-shirt couple","5 000CFA","Parcelle Assainies, Dakar, Sénégal","https://images.coinafrique.com/thumb_2201447_uploaded_image1_1590877410.jpg"
"1767357249-158","https://sn.coinafrique.com/categorie/vetements-homme?page=118","Ensemble Vêtements Hommes","9 500CFA","Dakar-Plateau, Dakar, Sénégal","https://images.coinafrique.com/thumb_2201223_uploaded_image1_1590873571.jpg"
"1767357249-159","https://sn.coinafrique.com/categorie/vetements-homme?page=118","Tuniques homme","Prix sur demande","Patte d'oie, Dakar, Sénégal","https://images.coinafrique.com/thumb_2199823_uploaded_image1_1590849436.jpg"
"1767357249-160","https://sn.coinafrique.com/categorie/vetements-homme?page=118","Ensemble short","10 000CFA","Grand Dakar, Dakar, Sénégal","https://images.coinafrique.com/thumb_2199757_uploaded_image1_1590848656.jpg"
"1767357249-161","https://sn.coinafrique.com/categorie/vetements-homme?page=118","Combinaison homme","12 000CFA","Grand Dakar, Dakar, Sénégal","https://images.coinafrique.com/thumb_2199746_uploaded_image1_1590848564.jpg"
"1767357249-162","https://sn.coinafrique.com/categorie/vetements-homme?page=118","Débardeur homme","4 000CFA","Grand Dakar, Dakar, Sénégal","https://images.coinafrique.com/thumb_2199730_uploaded_image1_1590848392.jpg"
"1767357249-163","https://sn.coinafrique.com/categorie/vetements-homme?page=118","Ensemble short","10 000CFA","Grand Dakar, Dakar, Sénégal","https://images.coinafrique.com/thumb_2199720_uploaded_image1_1590848303.jpg"
"1767357249-164","https://sn.coinafrique.com/categorie/vetements-homme?page=118","Ensemble short","10 000CFA","Grand Dakar, Dakar, Sénégal","https://images.coinafrique.com/thumb_2199713_uploaded_image1_1590848212.jpg"
"1767357249-165","https://sn.coinafrique.com/categorie/vetements-homme?page=118","Pantalon homme","12 000CFA","Dakar Plateau, Dakar, Sénégal","https://images.coinafrique.com/thumb_2199467_uploaded_image1_1590845239.jpg"
"1767357249-166","https://sn.coinafrique.com/categorie/vetements-homme?page=118","Pantalon kaki","12 000CFA","Dakar, Sénégal","https://images.coinafrique.com/thumb_2199445_uploaded_image1_1590845061.jpg"
"1767357249-167","https://sn.coinafrique.com/categorie/vetements-homme?page=118","Kaki de luxe","12 000CFA","Dakar, Sénégal","https://images.coinafrique.com/thumb_2199439_uploaded_image1_1590845025.jpg"
"1767357249-168","https://sn.coinafrique.com/categorie/vetements-homme?page=118","Pantalon kaki","12 000CFA","Dakar, Sénégal","https://images.coinafrique.com/thumb_2199432_uploaded_image1_1590844985.jpg"
"1767357256-169","https://sn.coinafrique.com/categorie/vetements-homme?page=117","Ensemble kaki","14 000CFA","Guediawaye, Dakar, Sénégal","https://images.coinafrique.com/thumb_2224036_uploaded_image1_1591230540.jpg"
"1767357256-170","https://sn.coinafrique.com/categorie/vetements-homme?page=117","Tee-shirts Zara","5 000CFA","Dakar, Sénégal","https://images.coinafrique.com/thumb_2224024_uploaded_image1_1591230242.jpg"
"1767357256-171","https://sn.coinafrique.com/categorie/vetements-homme?page=117","Tee-shirt - Chemise","5 000CFA","Dakar, Sénégal","https://images.coinafrique.com/thumb_2224004_uploaded_image1_1591229653.jpg"
"1767357256-172","https://sn.coinafrique.com/categorie/vetements-homme?page=117","Ensemble vêtements","10 000CFA","Dakar Plateau, Dakar, Sénégal","https://images.coinafrique.com/thumb_2223995_uploaded_image1_1591229489.jpg"
"1767357256-173","https://sn.coinafrique.com/categorie/vetements-homme?page=117","Ensemble homme","10 000CFA","Dakar Plateau, Dakar, Sénégal","https://images.coinafrique.com/thumb_2223993_uploaded_image1_1591229456.jpg"
"1767357256-174","https://sn.coinafrique.com/categorie/vetements-homme?page=117","Ensemble vêtements","10 000CFA","Dakar Plateau, Dakar, Sénégal","https://images.coinafrique.com/thumb_2223991_uploaded_image1_1591229427.jpg"
"1767357256-175","https://sn.coinafrique.com/categorie/vetements-homme?page=117","Ensemble t-shirt et pantalon","10 000CFA","Dakar Plateau, Dakar, Sénégal","https://images.coinafrique.com/thumb_2223989_uploaded_image1_1591229391.jpg"
"1767357256-176","https://sn.coinafrique.com/categorie/vetements-homme?page=117","Ensemble vêtements","12 000CFA","Dakar Plateau, Dakar, Sénégal","https://images.coinafrique.com/thumb_2223987_uploaded_image1_1591229365.jpg"
"1767357256-177","https://sn.coinafrique.com/categorie/vetements-homme?page=117","Ensemble homme","12 000CFA","Dakar Plateau, Dakar, Sénégal","https://images.coinafrique.com/thumb_2223984_uploaded_image1_1591229319.jpg"
"1767357256-178","https://sn.coinafrique.com/categorie/vetements-homme?page=117","Ensemble vêtements","12 000CFA","Dakar Plateau, Dakar, Sénégal","https://images.coinafrique.com/thumb_2223980_uploaded_image1_1591229277.jpg"
"1767357256-179","https://sn.coinafrique.com/categorie/vetements-homme?page=117","Ensemble homme","12 000CFA","Dakar Plateau, Dakar, Sénégal","https://images.coinafrique.com/thumb_2223977_uploaded_image1_1591229243.jpg"
"1767357256-180","https://sn.coinafrique.com/categorie/vetements-homme?page=117","Ensemble vêtements","12 000CFA","Dakar Plateau, Dakar, Sénégal","https://images.coinafrique.com/thumb_2223975_uploaded_image1_1591229217.jpg"
"1767357256-181","https://sn.coinafrique.com/categorie/vetements-homme?page=117","Ensemble vêtements","12 000CFA","Dakar Plateau, Dakar, Sénégal","https://images.coinafrique.com/thumb_2223970_uploaded_image1_1591229190.jpg"
"1767357256-182","https://sn.coinafrique.com/categorie/vetements-homme?page=117","Ensemble pantalon - casquette","15 000CFA","Grand Dakar, Dakar, Sénégal","https://images.coinafrique.com/thumb_2223634_uploaded_image1_1591223892.jpg"
"1767357256-183","https://sn.coinafrique.com/categorie/vetements-homme?page=117","Ensemble pantalon","12 000CFA","Grand Dakar, Dakar, Sénégal","https://images.coinafrique.com/thumb_2223620_uploaded_image1_1591223785.jpg"
"1767357256-184","https://sn.coinafrique.com/categorie/vetements-homme?page=117","Ensembles shirt short casquette","12 000CFA","Dakar, Sénégal","https://images.coinafrique.com/thumb_2223362_uploaded_image1_1591220430.jpg"
"1767357256-185","https://sn.coinafrique.com/categorie/vetements-homme?page=117","Tee-shirt Extrême Création","5 000CFA","Dakar, Sénégal","https://images.coinafrique.com/thumb_2223353_uploaded_image1_1591220272.jpg"
"1767357256-186","https://sn.coinafrique.com/categorie/vetements-homme?page=117","Tee-shirt par unité","5 000CFA","Dakar, Sénégal","https://images.coinafrique.com/thumb_2223349_uploaded_image1_1591220206.jpg"
"1767357256-187","https://sn.coinafrique.com/categorie/vetements-homme?page=117","T-shirt","5 000CFA","Dakar, Sénégal","https://images.coinafrique.com/thumb_2223346_uploaded_image1_1591220140.jpg"
"1767357256-188","https://sn.coinafrique.com/categorie/vetements-homme?page=117","T-shirt par unité","5 000CFA","Dakar, Sénégal","https://images.coinafrique.com/thumb_2223340_uploaded_image1_1591220025.jpg"
"1767357256-189","https://sn.coinafrique.com/categorie/vetements-homme?page=117","T-shirts","5 000CFA","Dakar, Sénégal","https://images.coinafrique.com/thumb_2223335_uploaded_image1_1591219938.jpg"
"1767357256-190","https://sn.coinafrique.com/categorie/vetements-homme?page=117","Pantalons","8 000CFA","Dakar, Sénégal","https://images.coinafrique.com/thumb_2223221_uploaded_image1_1591218045.jpg"
"1767357256-191","https://sn.coinafrique.com/categorie/vetements-homme?page=117","Jogging 2 pièces","5 000CFA","Yoff, Dakar, Sénégal","https://images.coinafrique.com/thumb_2223115_uploaded_image1_1591216618.jpg"
"1767357256-192","https://sn.coinafrique.com/categorie/vetements-homme?page=117","Lacoste","10 000CFA","Dakar, Sénégal","https://images.coinafrique.com/thumb_2221948_uploaded_image1_1591201023.jpg"
"1767357256-193","https://sn.coinafrique.com/categorie/vetements-homme?page=117","Lacoste de qualité","10 000CFA","Dakar, Sénégal","https://images.coinafrique.com/thumb_2221938_uploaded_image1_1591200932.jpg"
"1767357256-194","https://sn.coinafrique.com/categorie/vetements-homme?page=117","Lacoste de qualité","10 000CFA","Dakar, Sénégal","https://images.coinafrique.com/thumb_2221927_uploaded_image1_1591200816.jpg"
"1767357256-195","https://sn.coinafrique.com/categorie/vetements-homme?page=117","Lacoste de qualité","10 000CFA","Dakar, Sénégal","https://images.coinafrique.com/thumb_2221924_uploaded_image1_1591200774.jpg"
"1767357256-196","https://sn.coinafrique.com/categorie/vetements-homme?page=117","Chemise homme","10 000CFA","Dakar, Sénégal","https://images.coinafrique.com/thumb_2220754_uploaded_image1_1591187571.jpg"
"1767357256-197","https://sn.coinafrique.com/categorie/vetements-homme?page=117","Chemise homme","10 000CFA","Dakar, Sénégal","https://images.coinafrique.com/thumb_2220711_uploaded_image1_1591187204.jpg"
"1767357256-198","https://sn.coinafrique.com/categorie/vetements-homme?page=117","Complet homme et femme","10 000CFA","Dakar-Plateau, Dakar, Sénégal","https://images.coinafrique.com/thumb_2220193_uploaded_image1_1591182828.41.jpeg"
"1767357256-199","https://sn.coinafrique.com/categorie/vetements-homme?page=117","T-shirts","10 000CFA","Dakar-Plateau, Dakar, Sénégal","https://images.coinafrique.com/thumb_2220190_uploaded_image1_1591182788.95.jpeg"
"1767357256-200","https://sn.coinafrique.com/categorie/vetements-homme?page=117","Complet homme et femme","10 000CFA","Dakar-Plateau, Dakar, Sénégal","https://images.coinafrique.com/thumb_2220187_uploaded_image1_1591182749.43.jpeg"
"1767357256-201","https://sn.coinafrique.com/categorie/vetements-homme?page=117","Complet homme et femme","10 000CFA","Dakar-Plateau, Dakar, Sénégal","https://images.coinafrique.com/thumb_2220179_uploaded_image1_1591182675.85.jpeg"
"1767357256-202","https://sn.coinafrique.com/categorie/vetements-homme?page=117","Ensemble Vêtements","Prix sur demande","Guediawaye, Dakar, Sénégal","https://images.coinafrique.com/thumb_2217972_uploaded_image1_1591142190.jpg"
"1767357256-203","https://sn.coinafrique.com/categorie/vetements-homme?page=117","Ensemble chemises","Prix sur demande","Guediawaye, Dakar, Sénégal","https://images.coinafrique.com/thumb_2217955_uploaded_image1_1591141961.jpg"
"1767357256-204","https://sn.coinafrique.com/categorie/vetements-homme?page=117","Ensemble vêtements","12 000CFA","Dakar Plateau, Dakar, Sénégal","https://images.coinafrique.com/thumb_2217939_uploaded_image1_1591141746.jpg"
"1767357256-205","https://sn.coinafrique.com/categorie/vetements-homme?page=117","Ensemble Vêtements","12 000CFA","Dakar Plateau, Dakar, Sénégal","https://images.coinafrique.com/thumb_2217937_uploaded_image1_1591141717.jpg"
"1767357256-206","https://sn.coinafrique.com/categorie/vetements-homme?page=117","Ensemble Vêtements","12 000CFA","Dakar Plateau, Dakar, Sénégal","https://images.coinafrique.com/thumb_2217935_uploaded_image1_1591141684.jpg"
"1767357256-207","https://sn.coinafrique.com/categorie/vetements-homme?page=117","Ensemble Vêtements","8 000CFA","Dakar Plateau, Dakar, Sénégal","https://images.coinafrique.com/thumb_2217917_uploaded_image1_1591141351.jpg"
"1767357256-208","https://sn.coinafrique.com/categorie/vetements-homme?page=117","Ensemble vêtements","8 000CFA","Dakar Plateau, Dakar, Sénégal","https://images.coinafrique.com/thumb_2217915_uploaded_image1_1591141311.jpg"
"1767357256-209","https://sn.coinafrique.com/categorie/vetements-homme?page=117","Ensemble Vêtements","10 000CFA","Dakar Plateau, Dakar, Sénégal","https://images.coinafrique.com/thumb_2217911_uploaded_image1_1591141286.jpg"
"1767357256-210","https://sn.coinafrique.com/categorie/vetements-homme?page=117","Ensemble Vêtements","10 000CFA","Dakar Plateau, Dakar, Sénégal","https://images.coinafrique.com/thumb_2217907_uploaded_image1_1591141255.jpg"
"1767357256-211","https://sn.coinafrique.com/categorie/vetements-homme?page=117","Ensembles Vêtements Hommes","10 000CFA","Dakar Plateau, Dakar, Sénégal","https://images.coinafrique.com/thumb_2217905_uploaded_image1_1591141226.jpg"
"1767357256-212","https://sn.coinafrique.com/categorie/vetements-homme?page=117","Ensemble Vêtements","10 000CFA","Dakar Plateau, Dakar, Sénégal","https://images.coinafrique.com/thumb_2217904_uploaded_image1_1591141197.jpg"
"1767357256-213","https://sn.coinafrique.com/categorie/vetements-homme?page=117","Ensemble vêetements","10 000CFA","Dakar Plateau, Dakar, Sénégal","https://images.coinafrique.com/thumb_2217900_uploaded_image1_1591141166.jpg"
"1767357256-214","https://sn.coinafrique.com/categorie/vetements-homme?page=117","Ensemble Vêtements","10 500CFA","Dakar Plateau, Dakar, Sénégal","https://images.coinafrique.com/thumb_2217897_uploaded_image1_1591141139.jpg"
"1767357256-215","https://sn.coinafrique.com/categorie/vetements-homme?page=117","Ensemble t-shirt + pantalon","10 500CFA","Dakar Plateau, Dakar, Sénégal","https://images.coinafrique.com/thumb_2217894_uploaded_image1_1591141096.jpg"
"1767357256-216","https://sn.coinafrique.com/categorie/vetements-homme?page=117","Ensemble t-shirt + pantalon","10 500CFA","Dakar Plateau, Dakar, Sénégal","https://images.coinafrique.com/thumb_2217889_uploaded_image1_1591141054.jpg"
"1767357256-217","https://sn.coinafrique.com/categorie/vetements-homme?page=117","Ensemble t-shirt + pantalon","10 500CFA","Dakar Plateau, Dakar, Sénégal","https://images.coinafrique.com/thumb_2217887_uploaded_image1_1591141026.jpg"
"1767357256-218","https://sn.coinafrique.com/categorie/vetements-homme?page=117","Ensemble t-shirt + pantalon","10 500CFA","Dakar Plateau, Dakar, Sénégal","https://images.coinafrique.com/thumb_2217885_uploaded_image1_1591141001.jpg"
"1767357256-219","https://sn.coinafrique.com/categorie/vetements-homme?page=117","Ensemble t-shirt + pantalon","13 000CFA","Dakar Plateau, Dakar, Sénégal","https://images.coinafrique.com/thumb_2217883_uploaded_image1_1591140975.jpg"
"1767357256-220","https://sn.coinafrique.com/categorie/vetements-homme?page=117","Ensemble vêtements","13 000CFA","Dakar Plateau, Dakar, Sénégal","https://images.coinafrique.com/thumb_2217874_uploaded_image1_1591140909.jpg"
"1767357256-221","https://sn.coinafrique.com/categorie/vetements-homme?page=117","Ensemble short et lacoste","Prix sur demande","Guediawaye, Dakar, Sénégal","https://images.coinafrique.com/thumb_2217869_uploaded_image1_1591140870.jpg"
"1767357256-222","https://sn.coinafrique.com/categorie/vetements-homme?page=117","Ensemble t-shirt + pantalon","13 000CFA","Dakar Plateau, Dakar, Sénégal","https://images.coinafrique.com/thumb_2217866_uploaded_image1_1591140865.jpg"
"1767357256-223","https://sn.coinafrique.com/categorie/vetements-homme?page=117","Ensemble t-shirt + pantalon","13 000CFA","Dakar Plateau, Dakar, Sénégal","https://images.coinafrique.com/thumb_2217864_uploaded_image1_1591140829.jpg"
"1767357256-224","https://sn.coinafrique.com/categorie/vetements-homme?page=117","Ensemble Lacoste","Prix sur demande","Guediawaye, Dakar, Sénégal","https://images.coinafrique.com/thumb_2217860_uploaded_image1_1591140779.jpg"
"1767357256-225","https://sn.coinafrique.com/categorie/vetements-homme?page=117","Pantalon kaki","6 500CFA","Dakar Plateau, Dakar, Sénégal","https://images.coinafrique.com/thumb_2217822_uploaded_image1_1591140349.jpg"
"1767357256-226","https://sn.coinafrique.com/categorie/vetements-homme?page=117","Pantalon Kaki","6 500CFA","Dakar Plateau, Dakar, Sénégal","https://images.coinafrique.com/thumb_2217818_uploaded_image1_1591140256.jpg"
"1767357256-227","https://sn.coinafrique.com/categorie/vetements-homme?page=117","Pantalon kaki","6 500CFA","Dakar Plateau, Dakar, Sénégal","https://images.coinafrique.com/thumb_2217816_uploaded_image1_1591140223.jpg"
"1767357256-228","https://sn.coinafrique.com/categorie/vetements-homme?page=117","Pantalons homme","6 500CFA","Dakar Plateau, Dakar, Sénégal","https://images.coinafrique.com/thumb_2217814_uploaded_image1_1591140194.jpg"
"1767357256-229","https://sn.coinafrique.com/categorie/vetements-homme?page=117","Pantalons","6 500CFA","Dakar Plateau, Dakar, Sénégal","https://images.coinafrique.com/thumb_2217810_uploaded_image1_1591140161.jpg"
"1767357256-230","https://sn.coinafrique.com/categorie/vetements-homme?page=117","Pantalons","6 500CFA","Dakar Plateau, Dakar, Sénégal","https://images.coinafrique.com/thumb_2217807_uploaded_image1_1591140127.jpg"
"1767357256-231","https://sn.coinafrique.com/categorie/vetements-homme?page=117","Ensemble vêtements","8 500CFA","Dakar Plateau, Dakar, Sénégal","https://images.coinafrique.com/thumb_2217768_uploaded_image1_1591139598.jpg"
"1767357256-232","https://sn.coinafrique.com/categorie/vetements-homme?page=117","Ensemble t-shirt et pantalon","8 500CFA","Dakar Plateau, Dakar, Sénégal","https://images.coinafrique.com/thumb_2217766_uploaded_image1_1591139567.jpg"
"1767357256-233","https://sn.coinafrique.com/categorie/vetements-homme?page=117","Ensemble t-shirt et pantalon","8 500CFA","Dakar Plateau, Dakar, Sénégal","https://images.coinafrique.com/thumb_2217764_uploaded_image1_1591139539.jpg"
"1767357256-234","https://sn.coinafrique.com/categorie/vetements-homme?page=117","Pantalon","Prix sur demande","Dakar Plateau, Dakar, Sénégal","https://images.coinafrique.com/thumb_2217763_uploaded_image1_1591139507.jpg"
"1767357256-235","https://sn.coinafrique.com/categorie/vetements-homme?page=117","Pantalon","Prix sur demande","Dakar Plateau, Dakar, Sénégal","https://images.coinafrique.com/thumb_2217760_uploaded_image1_1591139483.jpg"
"1767357256-236","https://sn.coinafrique.com/categorie/vetements-homme?page=117","Pantalon","Prix sur demande","Dakar Plateau, Dakar, Sénégal","https://images.coinafrique.com/thumb_2217759_uploaded_image1_1591139457.jpg"
"1767357256-237","https://sn.coinafrique.com/categorie/vetements-homme?page=117","Ensemble t-shirt + pantalon","10 000CFA","Dakar Plateau, Dakar, Sénégal","https://images.coinafrique.com/thumb_2217756_uploaded_image1_1591139429.jpg"
"1767357256-238","https://sn.coinafrique.com/categorie/vetements-homme?page=117","Ensemble vêtements","10 000CFA","Dakar Plateau, Dakar, Sénégal","https://images.coinafrique.com/thumb_2217754_uploaded_image1_1591139394.jpg"
"1767357256-239","https://sn.coinafrique.com/categorie/vetements-homme?page=117","Ensemble t-shirt et pantalon","10 000CFA","Dakar Plateau, Dakar, Sénégal","https://images.coinafrique.com/thumb_2217748_uploaded_image1_1591139367.jpg"
"1767357256-240","https://sn.coinafrique.com/categorie/vetements-homme?page=117","Ensemble t-shirt et pantalon","10 000CFA","Dakar Plateau, Dakar, Sénégal","https://images.coinafrique.com/thumb_2217746_uploaded_image1_1591139339.jpg"
"1767357256-241","https://sn.coinafrique.com/categorie/vetements-homme?page=117","Ensemble t-shirt et pantalon","10 000CFA","Dakar Plateau, Dakar, Sénégal","https://images.coinafrique.com/thumb_2217744_uploaded_image1_1591139314.jpg"
"1767357256-242","https://sn.coinafrique.com/categorie/vetements-homme?page=117","Tenues sur mesure","25 000CFA","Dakar, Sénégal","https://images.coinafrique.com/thumb_2216903_uploaded_image1_1591126269.jpg"
"1767357256-243","https://sn.coinafrique.com/categorie/vetements-homme?page=117","Tuniques","25 000CFA","Dakar, Sénégal","https://images.coinafrique.com/thumb_2216901_uploaded_image1_1591126239.jpg"
"1767357256-244","https://sn.coinafrique.com/categorie/vetements-homme?page=117","Débardeur NBA","10 000CFA","Dakar, Sénégal","https://images.coinafrique.com/thumb_2216748_uploaded_image1_1591123722.jpg"
"1767357256-245","https://sn.coinafrique.com/categorie/vetements-homme?page=117","Tuniques","20 000CFA","Dakar, Sénégal","https://images.coinafrique.com/thumb_2216501_uploaded_image1_1591121203.jpg"
"1767357256-246","https://sn.coinafrique.com/categorie/vetements-homme?page=117","Tuniques homme 3 pièces","45 000CFA","Dakar, Sénégal","https://images.coinafrique.com/thumb_2216496_uploaded_image1_1591121165.jpg"
"1767357256-247","https://sn.coinafrique.com/categorie/vetements-homme?page=117","Costume Umberto Bocci","75 000CFA","Yoff, Dakar, Sénégal","https://images.coinafrique.com/thumb_2215151_uploaded_image1_1591108437.jpg"
"1767357256-248","https://sn.coinafrique.com/categorie/vetements-homme?page=117","Tenue africaine","27 000CFA","Ouakam, Dakar, Sénégal","https://images.coinafrique.com/thumb_2214900_uploaded_image1_1591106436.jpg"
"1767357256-249","https://sn.coinafrique.com/categorie/vetements-homme?page=117","Tenue africaine","22 000CFA","Ouakam, Dakar, Sénégal","https://images.coinafrique.com/thumb_2214851_uploaded_image1_1591105895.jpg"
"1767357256-250","https://sn.coinafrique.com/categorie/vetements-homme?page=117","Lacoste de qualité","10 000CFA","Dakar, Sénégal","https://images.coinafrique.com/thumb_2214810_uploaded_image1_1591105334.jpg"
"1767357256-251","https://sn.coinafrique.com/categorie/vetements-homme?page=117","Polo Lacoste","10 000CFA","Dakar, Sénégal","https://images.coinafrique.com/thumb_2214806_uploaded_image1_1591105281.jpg"
"1767357256-252","https://sn.coinafrique.com/categorie/vetements-homme?page=117","Polo Lacoste","10 000CFA","Dakar, Sénégal","https://images.coinafrique.com/thumb_2214803_uploaded_image1_1591105233.jpg"
"1767357264-253","https://sn.coinafrique.com/categorie/vetements-homme?page=116","Ensemble habits","Prix sur demande","Sicap Liberté, Dakar, Sénégal","https://images.coinafrique.com/thumb_2236195_uploaded_image1_1591406478.jpg"
"1767357264-254","https://sn.coinafrique.com/categorie/vetements-homme?page=116","Ensemble vêtements","Prix sur demande","Sicap Liberté, Dakar, Sénégal","https://images.coinafrique.com/thumb_2236191_uploaded_image1_1591406438.jpg"
"1767357264-255","https://sn.coinafrique.com/categorie/vetements-homme?page=116","Ensemble","Prix sur demande","Sicap Liberté, Dakar, Sénégal","https://images.coinafrique.com/thumb_2236190_uploaded_image1_1591406403.jpg"
"1767357264-256","https://sn.coinafrique.com/categorie/vetements-homme?page=116","Ensemble vêtements","Prix sur demande","Sicap Liberté, Dakar, Sénégal","https://images.coinafrique.com/thumb_2236186_uploaded_image1_1591406362.jpg"
"1767357264-257","https://sn.coinafrique.com/categorie/vetements-homme?page=116","Ensemble T-shirt","Prix sur demande","Sicap Liberté, Dakar, Sénégal","https://images.coinafrique.com/thumb_2236184_uploaded_image1_1591406321.jpg"
"1767357264-258","https://sn.coinafrique.com/categorie/vetements-homme?page=116","Chemises","Prix sur demande","Sicap Liberté, Dakar, Sénégal","https://images.coinafrique.com/thumb_2236181_uploaded_image1_1591406284.jpg"
"1767357264-259","https://sn.coinafrique.com/categorie/vetements-homme?page=116","Chemises fleuries","Prix sur demande","Sicap Liberté, Dakar, Sénégal","https://images.coinafrique.com/thumb_2236177_uploaded_image1_1591406188.jpg"
"1767357264-260","https://sn.coinafrique.com/categorie/vetements-homme?page=116","Ensemble Chemise Kaki","Prix sur demande","Parcelle Assainies, Dakar, Sénégal","https://images.coinafrique.com/thumb_2235815_uploaded_image1_1591399924.jpg"
"1767357264-261","https://sn.coinafrique.com/categorie/vetements-homme?page=116","Ensembles chemise kaki","Prix sur demande","Parcelle Assainies, Dakar, Sénégal","https://images.coinafrique.com/thumb_2235807_uploaded_image1_1591399787.jpg"
"1767357264-262","https://sn.coinafrique.com/categorie/vetements-homme?page=116","Ensemble pour homme","Prix sur demande","Parcelle Assainies, Dakar, Sénégal","https://images.coinafrique.com/thumb_2235799_uploaded_image1_1591399650.jpg"
"1767357264-263","https://sn.coinafrique.com/categorie/vetements-homme?page=116","Ensembles chemise kaki","Prix sur demande","Parcelle Assainies, Dakar, Sénégal","https://images.coinafrique.com/thumb_2235794_uploaded_image1_1591399540.jpg"
"1767357264-264","https://sn.coinafrique.com/categorie/vetements-homme?page=116","Pantalon Kaki","6 500CFA","Dakar Plateau, Dakar, Sénégal","https://images.coinafrique.com/thumb_2235684_uploaded_image1_1591398245.jpg"
"1767357264-265","https://sn.coinafrique.com/categorie/vetements-homme?page=116","Pantalon kaki","6 500CFA","Dakar Plateau, Dakar, Sénégal","https://images.coinafrique.com/thumb_2235680_uploaded_image1_1591398206.jpg"
"1767357264-266","https://sn.coinafrique.com/categorie/vetements-homme?page=116","Kaki","6 500CFA","Dakar Plateau, Dakar, Sénégal","https://images.coinafrique.com/thumb_2235679_uploaded_image1_1591398170.jpg"
"1767357264-267","https://sn.coinafrique.com/categorie/vetements-homme?page=116","Kaki","6 500CFA","Dakar Plateau, Dakar, Sénégal","https://images.coinafrique.com/thumb_2235678_uploaded_image1_1591398132.jpg"
"1767357264-268","https://sn.coinafrique.com/categorie/vetements-homme?page=116","Ensemble Polo - Pantalon","12 000CFA","Dakar Plateau, Dakar, Sénégal","https://images.coinafrique.com/thumb_2235668_uploaded_image1_1591397940.jpg"
"1767357264-269","https://sn.coinafrique.com/categorie/vetements-homme?page=116","Ensemble Polo - Pantalon","12 000CFA","Dakar Plateau, Dakar, Sénégal","https://images.coinafrique.com/thumb_2235663_uploaded_image1_1591397889.jpg"
"1767357264-270","https://sn.coinafrique.com/categorie/vetements-homme?page=116","Ensemble homme","12 000CFA","Dakar Plateau, Dakar, Sénégal","https://images.coinafrique.com/thumb_2235661_uploaded_image1_1591397854.jpg"
"1767357264-271","https://sn.coinafrique.com/categorie/vetements-homme?page=116","Ensembles","12 000CFA","Dakar Plateau, Dakar, Sénégal","https://images.coinafrique.com/thumb_2235659_uploaded_image1_1591397819.jpg"
"1767357264-272","https://sn.coinafrique.com/categorie/vetements-homme?page=116","Ensemble Polo - Pantalon","12 000CFA","Dakar Plateau, Dakar, Sénégal","https://images.coinafrique.com/thumb_2235655_uploaded_image1_1591397786.jpg"
"1767357264-273","https://sn.coinafrique.com/categorie/vetements-homme?page=116","Ensemble Polo-Pantalon","12 000CFA","Dakar Plateau, Dakar, Sénégal","https://images.coinafrique.com/thumb_2235653_uploaded_image1_1591397761.jpg"
"1767357264-274","https://sn.coinafrique.com/categorie/vetements-homme?page=116","Ensemble polo et pantalon","12 000CFA","Dakar Plateau, Dakar, Sénégal","https://images.coinafrique.com/thumb_2235651_uploaded_image1_1591397737.jpg"
"1767357264-275","https://sn.coinafrique.com/categorie/vetements-homme?page=116","Ensemble Polo - Pantalon","12 000CFA","Dakar Plateau, Dakar, Sénégal","https://images.coinafrique.com/thumb_2235650_uploaded_image1_1591397713.jpg"
"1767357264-276","https://sn.coinafrique.com/categorie/vetements-homme?page=116","Ensemble polo et pantalon","12 000CFA","Dakar Plateau, Dakar, Sénégal","https://images.coinafrique.com/thumb_2235647_uploaded_image1_1591397691.jpg"
"1767357264-277","https://sn.coinafrique.com/categorie/vetements-homme?page=116","Kaftan","20 000CFA","Grand Yoff, Dakar, Sénégal","https://images.coinafrique.com/thumb_2235494_uploaded_image1_1591395101.jpg"
"1767357264-278","https://sn.coinafrique.com/categorie/vetements-homme?page=116","Kaftan","20 000CFA","Grand Yoff, Dakar, Sénégal","https://images.coinafrique.com/thumb_2235475_uploaded_image1_1591394679.jpg"
"1767357264-279","https://sn.coinafrique.com/categorie/vetements-homme?page=116","Tenue homme","20 000CFA","Grand Yoff, Dakar, Sénégal","https://images.coinafrique.com/thumb_2235319_uploaded_image1_1591391870.jpg"
"1767357264-280","https://sn.coinafrique.com/categorie/vetements-homme?page=116","Vêtements hommes et femmes","7 500CFA","Dakar, Sénégal","https://images.coinafrique.com/thumb_2234724_uploaded_image1_1591383114.jpg"
"1767357264-281","https://sn.coinafrique.com/categorie/vetements-homme?page=116","Ensemble Lacoste kaki","15 000CFA","Dakar, Sénégal","https://images.coinafrique.com/thumb_2234690_uploaded_image1_1591382523.jpg"
"1767357264-282","https://sn.coinafrique.com/categorie/vetements-homme?page=116","Ensemble Lacoste kaki","150 000CFA","Dakar, Sénégal","https://images.coinafrique.com/thumb_2234687_uploaded_image1_1591382459.jpg"
"1767357264-283","https://sn.coinafrique.com/categorie/vetements-homme?page=116","T-shirt couple","10 000CFA","Dakar, Sénégal","https://images.coinafrique.com/thumb_2234683_uploaded_image1_1591382399.jpg"
"1767357264-284","https://sn.coinafrique.com/categorie/vetements-homme?page=116","Pantalon Kaki","6 500CFA","Dakar Plateau, Dakar, Sénégal","https://images.coinafrique.com/thumb_2230216_uploaded_image1_1591313133.jpg"
"1767357264-285","https://sn.coinafrique.com/categorie/vetements-homme?page=116","Pantalon Kaki","6 500CFA","Dakar Plateau, Dakar, Sénégal","https://images.coinafrique.com/thumb_2230212_uploaded_image1_1591313099.jpg"
"1767357264-286","https://sn.coinafrique.com/categorie/vetements-homme?page=116","Pantalon Kaki","6 500CFA","Dakar Plateau, Dakar, Sénégal","https://images.coinafrique.com/thumb_2230208_uploaded_image1_1591313060.jpg"
"1767357264-287","https://sn.coinafrique.com/categorie/vetements-homme?page=116","Kaki","6 500CFA","Dakar Plateau, Dakar, Sénégal","https://images.coinafrique.com/thumb_2230205_uploaded_image1_1591313025.jpg"
"1767357264-288","https://sn.coinafrique.com/categorie/vetements-homme?page=116","Pantalon Kaki","6 500CFA","Dakar Plateau, Dakar, Sénégal","https://images.coinafrique.com/thumb_2230202_uploaded_image1_1591312998.jpg"
"1767357264-289","https://sn.coinafrique.com/categorie/vetements-homme?page=116","Ensemble t-shirt + pantalon","12 000CFA","Dakar Plateau, Dakar, Sénégal","https://images.coinafrique.com/thumb_2230131_uploaded_image1_1591312275.jpg"
"1767357264-290","https://sn.coinafrique.com/categorie/vetements-homme?page=116","Ensemble t-shirt + pantalon","12 000CFA","Dakar Plateau, Dakar, Sénégal","https://images.coinafrique.com/thumb_2230128_uploaded_image1_1591312241.jpg"
"1767357264-291","https://sn.coinafrique.com/categorie/vetements-homme?page=116","Ensemble t-shirt + pantalon","12 000CFA","Dakar Plateau, Dakar, Sénégal","https://images.coinafrique.com/thumb_2230108_uploaded_image1_1591312023.jpg"
"1767357264-292","https://sn.coinafrique.com/categorie/vetements-homme?page=116","Ensemble homme","12 000CFA","Dakar Plateau, Dakar, Sénégal","https://images.coinafrique.com/thumb_2230105_uploaded_image1_1591311996.jpg"
"1767357264-293","https://sn.coinafrique.com/categorie/vetements-homme?page=116","Ensemble homme","12 000CFA","Dakar Plateau, Dakar, Sénégal","https://images.coinafrique.com/thumb_2230103_uploaded_image1_1591311968.jpg"
"1767357264-294","https://sn.coinafrique.com/categorie/vetements-homme?page=116","Ensembles Pantalons","15 000CFA","Grand Dakar, Dakar, Sénégal","https://images.coinafrique.com/thumb_2229924_uploaded_image1_1591309560.jpg"
"1767357264-295","https://sn.coinafrique.com/categorie/vetements-homme?page=116","Ensemble short","12 000CFA","Grand Dakar, Dakar, Sénégal","https://images.coinafrique.com/thumb_2229915_uploaded_image1_1591309501.jpg"
"1767357264-296","https://sn.coinafrique.com/categorie/vetements-homme?page=116","Ensembles Shorts","15 000CFA","Grand Dakar, Dakar, Sénégal","https://images.coinafrique.com/thumb_2229910_uploaded_image1_1591309408.jpg"
"1767357264-297","https://sn.coinafrique.com/categorie/vetements-homme?page=116","Ensemble pantalons","10 000CFA","Grand Dakar, Dakar, Sénégal","https://images.coinafrique.com/thumb_2229906_uploaded_image1_1591309328.jpg"
"1767357264-298","https://sn.coinafrique.com/categorie/vetements-homme?page=116","Ensemble vêtements homme 100% coton","14 000CFA","Dakar Plateau, Dakar, Sénégal","https://images.coinafrique.com/thumb_2229540_uploaded_image1_1591303472.jpg"
"1767357264-299","https://sn.coinafrique.com/categorie/vetements-homme?page=116","Tee-shirt coton","Prix sur demande","HLM, Dakar, Sénégal","https://images.coinafrique.com/thumb_2229533_uploaded_image1_1591303371.jpg"
"1767357264-300","https://sn.coinafrique.com/categorie/vetements-homme?page=116","Ensemble homme","12 000CFA","Dakar, Sénégal","https://images.coinafrique.com/thumb_2229436_uploaded_image1_1591302347.jpg"
"1767357264-301","https://sn.coinafrique.com/categorie/vetements-homme?page=116","T-shirts","5 000CFA","Dieuppeul-Derklé, Dakar, Sénégal","https://images.coinafrique.com/thumb_2229129_uploaded_image1_1591297211.jpg"
"1767357264-302","https://sn.coinafrique.com/categorie/vetements-homme?page=116","Chemise homme","10 000CFA","Dakar, Sénégal","https://images.coinafrique.com/thumb_2228664_uploaded_image1_1591292061.jpg"
"1767357264-303","https://sn.coinafrique.com/categorie/vetements-homme?page=116","T-shirt","6 000CFA","Parcelle Assainies, Dakar, Sénégal","https://images.coinafrique.com/thumb_2228570_uploaded_image1_1591291225.jpg"
"1767357264-304","https://sn.coinafrique.com/categorie/vetements-homme?page=116","T-shirt été","6 000CFA","Parcelle Assainies, Dakar, Sénégal","https://images.coinafrique.com/thumb_2228556_uploaded_image1_1591291141.jpg"
"1767357264-305","https://sn.coinafrique.com/categorie/vetements-homme?page=116","T-shirt été","6 000CFA","Parcelle Assainies, Dakar, Sénégal","https://images.coinafrique.com/thumb_2228540_uploaded_image1_1591291058.jpg"
"1767357264-306","https://sn.coinafrique.com/categorie/vetements-homme?page=116","T-shirts homme","6 000CFA","Parcelle Assainies, Dakar, Sénégal","https://images.coinafrique.com/thumb_2228531_uploaded_image1_1591290992.jpg"
"1767357264-307","https://sn.coinafrique.com/categorie/vetements-homme?page=116","T-shirts homme","6 000CFA","Parcelle Assainies, Dakar, Sénégal","https://images.coinafrique.com/thumb_2228522_uploaded_image1_1591290903.jpg"
"1767357264-308","https://sn.coinafrique.com/categorie/vetements-homme?page=116","T-shirt été","6 000CFA","Parcelle Assainies, Dakar, Sénégal","https://images.coinafrique.com/thumb_2228511_uploaded_image1_1591290833.jpg"
"1767357264-309","https://sn.coinafrique.com/categorie/vetements-homme?page=116","T-shirt été","6 000CFA","Parcelle Assainies, Dakar, Sénégal","https://images.coinafrique.com/thumb_2228498_uploaded_image1_1591290713.jpg"
"1767357264-310","https://sn.coinafrique.com/categorie/vetements-homme?page=116","T-shirt été","6 000CFA","Parcelle Assainies, Dakar, Sénégal","https://images.coinafrique.com/thumb_2228496_uploaded_image1_1591290697.jpg"
"1767357264-311","https://sn.coinafrique.com/categorie/vetements-homme?page=116","T-shirt été","6 000CFA","Parcelle Assainies, Dakar, Sénégal","https://images.coinafrique.com/thumb_2228484_uploaded_image1_1591290626.jpg"
"1767357264-312","https://sn.coinafrique.com/categorie/vetements-homme?page=116","Pantalon homme","10 000CFA","Parcelle Assainies, Dakar, Sénégal","https://images.coinafrique.com/thumb_2228461_uploaded_image1_1591290438.jpg"
"1767357264-313","https://sn.coinafrique.com/categorie/vetements-homme?page=116","Pantalons chics","10 000CFA","Parcelle Assainies, Dakar, Sénégal","https://images.coinafrique.com/thumb_2228452_uploaded_image1_1591290370.jpg"
"1767357264-314","https://sn.coinafrique.com/categorie/vetements-homme?page=116","Pantalon homme","10 000CFA","Parcelle Assainies, Dakar, Sénégal","https://images.coinafrique.com/thumb_2228442_uploaded_image1_1591290310.jpg"
"1767357264-315","https://sn.coinafrique.com/categorie/vetements-homme?page=116","Pantalon homme","10 000CFA","Parcelle Assainies, Dakar, Sénégal","https://images.coinafrique.com/thumb_2228430_uploaded_image1_1591290227.jpg"
"1767357264-316","https://sn.coinafrique.com/categorie/vetements-homme?page=116","Pantalon homme","10 000CFA","Parcelle Assainies, Dakar, Sénégal","https://images.coinafrique.com/thumb_2228415_uploaded_image1_1591290150.jpg"
"1767357264-317","https://sn.coinafrique.com/categorie/vetements-homme?page=116","Pantalon homme","10 000CFA","Parcelle Assainies, Dakar, Sénégal","https://images.coinafrique.com/thumb_2228406_uploaded_image1_1591290090.jpg"
"1767357264-318","https://sn.coinafrique.com/categorie/vetements-homme?page=116","Pantalon homme","10 000CFA","Parcelle Assainies, Dakar, Sénégal","https://images.coinafrique.com/thumb_2228401_uploaded_image1_1591290023.jpg"
"1767357264-319","https://sn.coinafrique.com/categorie/vetements-homme?page=116","Pantalon homme","10 000CFA","Parcelle Assainies, Dakar, Sénégal","https://images.coinafrique.com/thumb_2228395_uploaded_image1_1591289965.jpg"
"1767357264-320","https://sn.coinafrique.com/categorie/vetements-homme?page=116","Pantalon chic","10 000CFA","Parcelle Assainies, Dakar, Sénégal","https://images.coinafrique.com/thumb_2228386_uploaded_image1_1591289904.jpg"
"1767357264-321","https://sn.coinafrique.com/categorie/vetements-homme?page=116","Pantalon homme","10 000CFA","Parcelle Assainies, Dakar, Sénégal","https://images.coinafrique.com/thumb_2228377_uploaded_image1_1591289837.jpg"
"1767357264-322","https://sn.coinafrique.com/categorie/vetements-homme?page=116","Chemise homme","20 000CFA","Parcelle Assainies, Dakar, Sénégal","https://images.coinafrique.com/thumb_2228360_uploaded_image1_1591289641.jpg"
"1767357264-323","https://sn.coinafrique.com/categorie/vetements-homme?page=116","Chemise Giant","20 000CFA","Parcelle Assainies, Dakar, Sénégal","https://images.coinafrique.com/thumb_2228354_uploaded_image1_1591289568.jpg"
"1767357264-324","https://sn.coinafrique.com/categorie/vetements-homme?page=116","Chemise Giant","20 000CFA","Parcelle Assainies, Dakar, Sénégal","https://images.coinafrique.com/thumb_2228345_uploaded_image1_1591289506.jpg"
"1767357264-325","https://sn.coinafrique.com/categorie/vetements-homme?page=116","Chemise homme","20 000CFA","Parcelle Assainies, Dakar, Sénégal","https://images.coinafrique.com/thumb_2228339_uploaded_image1_1591289448.jpg"
"1767357264-326","https://sn.coinafrique.com/categorie/vetements-homme?page=116","Chemise classe Giant","20 000CFA","Parcelle Assainies, Dakar, Sénégal","https://images.coinafrique.com/thumb_2228332_uploaded_image1_1591289381.jpg"
"1767357264-327","https://sn.coinafrique.com/categorie/vetements-homme?page=116","Chemise homme","20 000CFA","Parcelle Assainies, Dakar, Sénégal","https://images.coinafrique.com/thumb_2228323_uploaded_image1_1591289315.jpg"
"1767357264-328","https://sn.coinafrique.com/categorie/vetements-homme?page=116","chemise Giant","20 000CFA","Parcelle Assainies, Dakar, Sénégal","https://images.coinafrique.com/thumb_2228320_uploaded_image1_1591289250.jpg"
"1767357264-329","https://sn.coinafrique.com/categorie/vetements-homme?page=116","Chemise homme","20 000CFA","Parcelle Assainies, Dakar, Sénégal","https://images.coinafrique.com/thumb_2228312_uploaded_image1_1591289184.jpg"
"1767357264-330","https://sn.coinafrique.com/categorie/vetements-homme?page=116","Chemise Giant","20 000CFA","Parcelle Assainies, Dakar, Sénégal","https://images.coinafrique.com/thumb_2228303_uploaded_image1_1591289110.jpg"
"1767357264-331","https://sn.coinafrique.com/categorie/vetements-homme?page=116","Vêtements homme","15 000CFA","Grand Dakar, Dakar, Sénégal","https://images.coinafrique.com/thumb_2227187_uploaded_image1_1591277397.jpg"
"1767357264-332","https://sn.coinafrique.com/categorie/vetements-homme?page=116","Polo Lacoste","10 000CFA","Dakar, Sénégal","https://images.coinafrique.com/thumb_2226154_uploaded_image1_1591269027.jpg"
"1767357264-333","https://sn.coinafrique.com/categorie/vetements-homme?page=116","Blouson homme","25 000CFA","Dakar, Sénégal","https://images.coinafrique.com/thumb_2226105_uploaded_image1_1591268783.jpg"
"1767357264-334","https://sn.coinafrique.com/categorie/vetements-homme?page=116","Blouson","25 000CFA","Dakar, Sénégal","https://images.coinafrique.com/thumb_2226097_uploaded_image1_1591268726.jpg"
"1767357264-335","https://sn.coinafrique.com/categorie/vetements-homme?page=116","Ensemble homme","16 000CFA","Dakar, Sénégal","https://images.coinafrique.com/thumb_2225494_uploaded_image1_1591263431.jpg"
"1767357264-336","https://sn.coinafrique.com/categorie/vetements-homme?page=116","T-shirt par unité","5 000CFA","Dakar, Sénégal","https://images.coinafrique.com/thumb_2225230_uploaded_image1_1591259828.jpg"
"1767357280-337","https://sn.coinafrique.com/categorie/vetements-homme?page=115","Ensemble Lacoste et kaki","Prix sur demande","Guediawaye, Dakar, Sénégal","https://images.coinafrique.com/thumb_2245315_uploaded_image1_1591577320.jpg"
"1767357280-338","https://sn.coinafrique.com/categorie/vetements-homme?page=115","Ensemble Lacoste et kaki","Prix sur demande","Guediawaye, Dakar, Sénégal","https://images.coinafrique.com/thumb_2245294_uploaded_image1_1591576715.jpg"
"1767357280-339","https://sn.coinafrique.com/categorie/vetements-homme?page=115","Ensemble Lacoste et kaki","Prix sur demande","Guediawaye, Dakar, Sénégal","https://images.coinafrique.com/thumb_2245285_uploaded_image1_1591576545.jpg"
"1767357280-340","https://sn.coinafrique.com/categorie/vetements-homme?page=115","Kaki","6 500CFA","Dakar, Sénégal","https://images.coinafrique.com/thumb_2245071_uploaded_image1_1591572461.jpg"
"1767357280-341","https://sn.coinafrique.com/categorie/vetements-homme?page=115","Kaki","6 500CFA","Dakar, Sénégal","https://images.coinafrique.com/thumb_2245067_uploaded_image1_1591572430.jpg"
"1767357280-342","https://sn.coinafrique.com/categorie/vetements-homme?page=115","Kaki","6 500CFA","Dakar, Sénégal","https://images.coinafrique.com/thumb_2245064_uploaded_image1_1591572394.jpg"
"1767357280-343","https://sn.coinafrique.com/categorie/vetements-homme?page=115","Pantalon Kaki","6 500CFA","Dakar, Sénégal","https://images.coinafrique.com/thumb_2245061_uploaded_image1_1591572362.jpg"
"1767357280-344","https://sn.coinafrique.com/categorie/vetements-homme?page=115","Kaki","6 500CFA","Dakar, Sénégal","https://images.coinafrique.com/thumb_2245060_uploaded_image1_1591572324.jpg"
"1767357280-345","https://sn.coinafrique.com/categorie/vetements-homme?page=115","Ensembles","8 500CFA","Dakar, Sénégal","https://images.coinafrique.com/thumb_2245053_uploaded_image1_1591572291.jpg"
"1767357280-346","https://sn.coinafrique.com/categorie/vetements-homme?page=115","Ensemble homme","8 500CFA","Dakar, Sénégal","https://images.coinafrique.com/thumb_2245052_uploaded_image1_1591572265.jpg"
"1767357280-347","https://sn.coinafrique.com/categorie/vetements-homme?page=115","Ensembles","10 500CFA","Dakar, Sénégal","https://images.coinafrique.com/thumb_2244975_uploaded_image1_1591571180.jpg"
"1767357280-348","https://sn.coinafrique.com/categorie/vetements-homme?page=115","Ensemble homme","10 500CFA","Dakar, Sénégal","https://images.coinafrique.com/thumb_2244973_uploaded_image1_1591571133.jpg"
"1767357280-349","https://sn.coinafrique.com/categorie/vetements-homme?page=115","Ensembles","10 500CFA","Dakar, Sénégal","https://images.coinafrique.com/thumb_2244971_uploaded_image1_1591571095.jpg"
"1767357280-350","https://sn.coinafrique.com/categorie/vetements-homme?page=115","Ensemble homme","14 000CFA","Dakar, Sénégal","https://images.coinafrique.com/thumb_2244969_uploaded_image1_1591571040.jpg"
"1767357280-351","https://sn.coinafrique.com/categorie/vetements-homme?page=115","Ensemble homme","14 000CFA","Dakar, Sénégal","https://images.coinafrique.com/thumb_2244964_uploaded_image1_1591570999.jpg"
"1767357280-352","https://sn.coinafrique.com/categorie/vetements-homme?page=115","Ensembles","14 000CFA","Dakar, Sénégal","https://images.coinafrique.com/thumb_2244962_uploaded_image1_1591570962.jpg"
"1767357280-353","https://sn.coinafrique.com/categorie/vetements-homme?page=115","Ensembles","12 000CFA","Dakar, Sénégal","https://images.coinafrique.com/thumb_2244955_uploaded_image1_1591570865.jpg"
"1767357280-354","https://sn.coinafrique.com/categorie/vetements-homme?page=115","Ensembles","12 000CFA","Dakar, Sénégal","https://images.coinafrique.com/thumb_2244950_uploaded_image1_1591570818.jpg"
"1767357280-355","https://sn.coinafrique.com/categorie/vetements-homme?page=115","Ensemble homme","10 000CFA","Dakar, Sénégal","https://images.coinafrique.com/thumb_2244930_uploaded_image1_1591570496.jpg"
"1767357280-356","https://sn.coinafrique.com/categorie/vetements-homme?page=115","Ensembles","10 000CFA","Dakar, Sénégal","https://images.coinafrique.com/thumb_2244928_uploaded_image1_1591570453.jpg"
"1767357280-357","https://sn.coinafrique.com/categorie/vetements-homme?page=115","Ensemble homme","10 000CFA","Dakar, Sénégal","https://images.coinafrique.com/thumb_2244927_uploaded_image1_1591570417.jpg"
"1767357280-358","https://sn.coinafrique.com/categorie/vetements-homme?page=115","Ensemble homme","13 000CFA","Dakar, Sénégal","https://images.coinafrique.com/thumb_2244925_uploaded_image1_1591570376.jpg"
"1767357280-359","https://sn.coinafrique.com/categorie/vetements-homme?page=115","Ensembles","14 000CFA","Dakar, Sénégal","https://images.coinafrique.com/thumb_2244922_uploaded_image1_1591570288.jpg"
"1767357280-360","https://sn.coinafrique.com/categorie/vetements-homme?page=115","Ensemble homme","14 000CFA","Dakar, Sénégal","https://images.coinafrique.com/thumb_2244919_uploaded_image1_1591570253.jpg"
"1767357280-361","https://sn.coinafrique.com/categorie/vetements-homme?page=115","Ensembles","14 000CFA","Dakar, Sénégal","https://images.coinafrique.com/thumb_2244916_uploaded_image1_1591570191.jpg"
"1767357280-362","https://sn.coinafrique.com/categorie/vetements-homme?page=115","Ensemble homme","14 000CFA","Dakar, Sénégal","https://images.coinafrique.com/thumb_2244912_uploaded_image1_1591570154.jpg"
"1767357280-363","https://sn.coinafrique.com/categorie/vetements-homme?page=115","Ensembles","14 000CFA","Dakar, Sénégal","https://images.coinafrique.com/thumb_2244911_uploaded_image1_1591570121.jpg"
"1767357280-364","https://sn.coinafrique.com/categorie/vetements-homme?page=115","Ensemble Lacoste","Prix sur demande","Guediawaye, Dakar, Sénégal","https://images.coinafrique.com/thumb_2244509_uploaded_image1_1591564298.jpg"
"1767357280-365","https://sn.coinafrique.com/categorie/vetements-homme?page=115","Sous-vêtements homme","Prix sur demande","Mermoz-Sacré Coeur, Dakar, Sénégal","https://images.coinafrique.com/thumb_2244380_uploaded_image1_1591562207.jpg"
"1767357280-366","https://sn.coinafrique.com/categorie/vetements-homme?page=115","Tenue africaine","25 000CFA","Dakar, Sénégal","https://images.coinafrique.com/thumb_2244083_uploaded_image1_1591555913.jpg"
"1767357280-367","https://sn.coinafrique.com/categorie/vetements-homme?page=115","Lacoste homme","10 000CFA","Dakar, Sénégal","https://images.coinafrique.com/thumb_2244063_uploaded_image1_1591555530.jpg"
"1767357280-368","https://sn.coinafrique.com/categorie/vetements-homme?page=115","Lacoste homme","10 000CFA","Dakar, Sénégal","https://images.coinafrique.com/thumb_2244060_uploaded_image1_1591555495.jpg"
"1767357280-369","https://sn.coinafrique.com/categorie/vetements-homme?page=115","T-shirts Lacoste","10 000CFA","Dakar, Sénégal","https://images.coinafrique.com/thumb_2244052_uploaded_image1_1591555451.jpg"
"1767357280-370","https://sn.coinafrique.com/categorie/vetements-homme?page=115","Habits","Prix sur demande","Dakar-Plateau, Dakar, Sénégal","https://images.coinafrique.com/thumb_2243956_uploaded_image1_1591553531.jpg"
"1767357280-371","https://sn.coinafrique.com/categorie/vetements-homme?page=115","Habits homme","10 000CFA","Dakar-Plateau, Dakar, Sénégal","https://images.coinafrique.com/thumb_2243955_uploaded_image1_1591553492.jpg"
"1767357280-372","https://sn.coinafrique.com/categorie/vetements-homme?page=115","T-shirt SM","2 000CFA","Keur Massar, Sénégal","https://images.coinafrique.com/thumb_2243552_uploaded_image1_1591547755.jpg"
"1767357280-373","https://sn.coinafrique.com/categorie/vetements-homme?page=115","T-shirt EI","Prix sur demande","Sicap Liberté, Dakar, Sénégal","https://images.coinafrique.com/thumb_2243113_uploaded_image1_1591541438.jpg"
"1767357280-374","https://sn.coinafrique.com/categorie/vetements-homme?page=115","T-shirt EL","Prix sur demande","Sicap Liberté, Dakar, Sénégal","https://images.coinafrique.com/thumb_2243111_uploaded_image1_1591541398.jpg"
"1767357280-375","https://sn.coinafrique.com/categorie/vetements-homme?page=115","T-shirt EI","Prix sur demande","Sicap Liberté, Dakar, Sénégal","https://images.coinafrique.com/thumb_2243107_uploaded_image1_1591541337.jpg"
"1767357280-376","https://sn.coinafrique.com/categorie/vetements-homme?page=115","T-shirt El","Prix sur demande","Sicap Liberté, Dakar, Sénégal","https://images.coinafrique.com/thumb_2243104_uploaded_image1_1591541288.jpg"
"1767357280-377","https://sn.coinafrique.com/categorie/vetements-homme?page=115","T-shirt EI","Prix sur demande","Sicap Liberté, Dakar, Sénégal","https://images.coinafrique.com/thumb_2243101_uploaded_image1_1591541229.jpg"
"1767357280-378","https://sn.coinafrique.com/categorie/vetements-homme?page=115","T-shirt EI","Prix sur demande","Sicap Liberté, Dakar, Sénégal","https://images.coinafrique.com/thumb_2243099_uploaded_image1_1591541193.jpg"
"1767357280-379","https://sn.coinafrique.com/categorie/vetements-homme?page=115","T-shirt","Prix sur demande","Sicap Liberté, Dakar, Sénégal","https://images.coinafrique.com/thumb_2243096_uploaded_image1_1591541149.jpg"
"1767357280-380","https://sn.coinafrique.com/categorie/vetements-homme?page=115","T-shirt EI","Prix sur demande","Sicap Liberté, Dakar, Sénégal","https://images.coinafrique.com/thumb_2243090_uploaded_image1_1591541069.jpg"
"1767357280-381","https://sn.coinafrique.com/categorie/vetements-homme?page=115","T-shirt EI","Prix sur demande","Sicap Liberté, Dakar, Sénégal","https://images.coinafrique.com/thumb_2243086_uploaded_image1_1591541016.jpg"
"1767357280-382","https://sn.coinafrique.com/categorie/vetements-homme?page=115","Djellaba","8 000CFA","Hann Bel-Air, Dakar, Sénégal","https://images.coinafrique.com/thumb_2243005_uploaded_image1_1591539657.jpg"
"1767357280-383","https://sn.coinafrique.com/categorie/vetements-homme?page=115","Ensemble homme","Prix sur demande","Dakar, Sénégal","https://images.coinafrique.com/thumb_2242985_uploaded_image1_1591539282.jpg"
"1767357280-384","https://sn.coinafrique.com/categorie/vetements-homme?page=115","Ensemble  complet","Prix sur demande","Dakar, Sénégal","https://images.coinafrique.com/thumb_2242972_uploaded_image1_1591539121.jpg"
"1767357280-385","https://sn.coinafrique.com/categorie/vetements-homme?page=115","Culottes 100% coton","Prix sur demande","Dakar, Sénégal","https://images.coinafrique.com/thumb_2242962_uploaded_image1_1591538971.jpg"
"1767357280-386","https://sn.coinafrique.com/categorie/vetements-homme?page=115","Polo Lacoste","5 000CFA","Cambérène, Dakar, Sénégal","https://images.coinafrique.com/thumb_2242634_uploaded_image1_1591534045.89.jpeg"
"1767357280-387","https://sn.coinafrique.com/categorie/vetements-homme?page=115","Chemise","5 000CFA","Cambérène, Dakar, Sénégal","https://images.coinafrique.com/thumb_2242629_uploaded_image1_1591533983.95.jpeg"
"1767357280-388","https://sn.coinafrique.com/categorie/vetements-homme?page=115","Blouson homme","25 000CFA","Dakar, Sénégal","https://images.coinafrique.com/thumb_2242022_uploaded_image1_1591522172.jpg"
"1767357280-389","https://sn.coinafrique.com/categorie/vetements-homme?page=115","Lacoste homme","10 000CFA","Dakar, Sénégal","https://images.coinafrique.com/thumb_2242019_uploaded_image1_1591522128.jpg"
"1767357280-390","https://sn.coinafrique.com/categorie/vetements-homme?page=115","Pantalons jogger","12 000CFA","Dakar, Sénégal","https://images.coinafrique.com/thumb_2242015_uploaded_image1_1591522091.jpg"
"1767357280-391","https://sn.coinafrique.com/categorie/vetements-homme?page=115","Maillot blouson homme","15 000CFA","Dakar, Sénégal","https://images.coinafrique.com/thumb_2242013_uploaded_image1_1591522038.jpg"
"1767357280-392","https://sn.coinafrique.com/categorie/vetements-homme?page=115","Ensemble homme","Prix sur demande","Dieuppeul-Derklé, Dakar, Sénégal","https://images.coinafrique.com/thumb_2241379_uploaded_image1_1591509687.jpg"
"1767357280-393","https://sn.coinafrique.com/categorie/vetements-homme?page=115","Ensemble pantalons et t-shirt","12 000CFA","Dakar Plateau, Dakar, Sénégal","https://images.coinafrique.com/thumb_2241058_uploaded_image1_1591488797.jpg"
"1767357280-394","https://sn.coinafrique.com/categorie/vetements-homme?page=115","Ensemble","12 000CFA","Dakar Plateau, Dakar, Sénégal","https://images.coinafrique.com/thumb_2241051_uploaded_image1_1591488697.jpg"
"1767357280-395","https://sn.coinafrique.com/categorie/vetements-homme?page=115","Pantalons","6 500CFA","Dakar Plateau, Dakar, Sénégal","https://images.coinafrique.com/thumb_2241028_uploaded_image1_1591488151.jpg"
"1767357280-396","https://sn.coinafrique.com/categorie/vetements-homme?page=115","Pantalon Kaki","6 500CFA","Dakar Plateau, Dakar, Sénégal","https://images.coinafrique.com/thumb_2241027_uploaded_image1_1591488112.jpg"
"1767357280-397","https://sn.coinafrique.com/categorie/vetements-homme?page=115","Pantalons","6 500CFA","Dakar Plateau, Dakar, Sénégal","https://images.coinafrique.com/thumb_2241026_uploaded_image1_1591488073.jpg"
"1767357280-398","https://sn.coinafrique.com/categorie/vetements-homme?page=115","Ensemble homme","14 000CFA","Dakar Plateau, Dakar, Sénégal","https://images.coinafrique.com/thumb_2241024_uploaded_image1_1591488040.jpg"
"1767357280-399","https://sn.coinafrique.com/categorie/vetements-homme?page=115","Ensemble vêtements homme","14 000CFA","Dakar Plateau, Dakar, Sénégal","https://images.coinafrique.com/thumb_2241021_uploaded_image1_1591487996.jpg"
"1767357280-400","https://sn.coinafrique.com/categorie/vetements-homme?page=115","Ensemble homme","14 000CFA","Dakar Plateau, Dakar, Sénégal","https://images.coinafrique.com/thumb_2241020_uploaded_image1_1591487966.jpg"
"1767357280-401","https://sn.coinafrique.com/categorie/vetements-homme?page=115","Ensemble pantalons chemise","14 000CFA","Dakar Plateau, Dakar, Sénégal","https://images.coinafrique.com/thumb_2241018_uploaded_image1_1591487942.jpg"
"1767357280-402","https://sn.coinafrique.com/categorie/vetements-homme?page=115","Ensemble culotte t-shirt","8 500CFA","Dakar Plateau, Dakar, Sénégal","https://images.coinafrique.com/thumb_2240978_uploaded_image1_1591487593.jpg"
"1767357280-403","https://sn.coinafrique.com/categorie/vetements-homme?page=115","Ensemble vêtements homme","8 500CFA","Dakar Plateau, Dakar, Sénégal","https://images.coinafrique.com/thumb_2240974_uploaded_image1_1591487555.jpg"
"1767357280-404","https://sn.coinafrique.com/categorie/vetements-homme?page=115","Ensemble vêtements homme","8 500CFA","Dakar Plateau, Dakar, Sénégal","https://images.coinafrique.com/thumb_2240969_uploaded_image1_1591487527.jpg"
"1767357280-405","https://sn.coinafrique.com/categorie/vetements-homme?page=115","Ensemble vêtements homme","10 000CFA","Dakar Plateau, Dakar, Sénégal","https://images.coinafrique.com/thumb_2240966_uploaded_image1_1591487493.jpg"
"1767357280-406","https://sn.coinafrique.com/categorie/vetements-homme?page=115","Ensemble homme","10 000CFA","Dakar Plateau, Dakar, Sénégal","https://images.coinafrique.com/thumb_2240961_uploaded_image1_1591487422.jpg"
"1767357280-407","https://sn.coinafrique.com/categorie/vetements-homme?page=115","Ensemble homme","10 000CFA","Dakar Plateau, Dakar, Sénégal","https://images.coinafrique.com/thumb_2240956_uploaded_image1_1591487393.jpg"
"1767357280-408","https://sn.coinafrique.com/categorie/vetements-homme?page=115","Ensemble homme","10 000CFA","Dakar Plateau, Dakar, Sénégal","https://images.coinafrique.com/thumb_2240951_uploaded_image1_1591487366.jpg"
"1767357280-409","https://sn.coinafrique.com/categorie/vetements-homme?page=115","Ensemble homme","10 000CFA","Dakar Plateau, Dakar, Sénégal","https://images.coinafrique.com/thumb_2240948_uploaded_image1_1591487325.jpg"
"1767357280-410","https://sn.coinafrique.com/categorie/vetements-homme?page=115","Ensemble","10 000CFA","Dakar Plateau, Dakar, Sénégal","https://images.coinafrique.com/thumb_2240946_uploaded_image1_1591487293.jpg"
"1767357280-411","https://sn.coinafrique.com/categorie/vetements-homme?page=115","T-shirt","Prix sur demande","Dieuppeul-Derklé, Dakar, Sénégal","https://images.coinafrique.com/thumb_2240151_uploaded_image1_1591472523.jpg"
"1767357280-412","https://sn.coinafrique.com/categorie/vetements-homme?page=115","Pantalon homme","Prix sur demande","Dieuppeul-Derklé, Dakar, Sénégal","https://images.coinafrique.com/thumb_2240144_uploaded_image1_1591472461.jpg"
"1767357280-413","https://sn.coinafrique.com/categorie/vetements-homme?page=115","Ensemble","28 000CFA","Yoff, Dakar, Sénégal","https://images.coinafrique.com/thumb_2240102_uploaded_image1_1591471715.jpg"
"1767357280-414","https://sn.coinafrique.com/categorie/vetements-homme?page=115","Ensemble short","7 500CFA","Dakar, Sénégal","https://images.coinafrique.com/thumb_2240066_uploaded_image1_1591470607.jpg"
"1767357280-415","https://sn.coinafrique.com/categorie/vetements-homme?page=115","Ensemble shorts","10 000CFA","Grand Dakar, Dakar, Sénégal","https://images.coinafrique.com/thumb_2238917_uploaded_image1_1591455024.jpg"
"1767357280-416","https://sn.coinafrique.com/categorie/vetements-homme?page=115","Ensemble kaki et chemise","15 000CFA","Grand Dakar, Dakar, Sénégal","https://images.coinafrique.com/thumb_2238911_uploaded_image1_1591454974.jpg"
"1767357280-417","https://sn.coinafrique.com/categorie/vetements-homme?page=115","Ensemble Kaki et Lacoste","15 000CFA","Grand Dakar, Dakar, Sénégal","https://images.coinafrique.com/thumb_2238887_uploaded_image1_1591454685.jpg"
"1767357280-418","https://sn.coinafrique.com/categorie/vetements-homme?page=115","Lacoste homme","8 000CFA","Grand Dakar, Dakar, Sénégal","https://images.coinafrique.com/thumb_2238875_uploaded_image1_1591454540.jpg"
"1767357280-419","https://sn.coinafrique.com/categorie/vetements-homme?page=115","Bombers en pagne","15 000CFA","Dakar, Sénégal","https://images.coinafrique.com/thumb_2238774_uploaded_image1_1591453127.jpg"
"1767357280-420","https://sn.coinafrique.com/categorie/vetements-homme?page=115","Ensemble vêtements","Prix sur demande","Sicap Liberté, Dakar, Sénégal","https://images.coinafrique.com/thumb_2236197_uploaded_image1_1591406521.jpg"
"1767357295-421","https://sn.coinafrique.com/categorie/vetements-homme?page=114","Jeans homme","12 000CFA","Dakar Plateau, Dakar, Sénégal","https://images.coinafrique.com/thumb_2262406_uploaded_image1_1591817019.jpg"
"1767357295-422","https://sn.coinafrique.com/categorie/vetements-homme?page=114","Blouson","25 000CFA","Cambérène, Dakar, Sénégal","https://images.coinafrique.com/thumb_2261883_uploaded_image1_1591810599.jpg"
"1767357295-423","https://sn.coinafrique.com/categorie/vetements-homme?page=114","Pantalon Jogger","12 000CFA","Cambérène, Dakar, Sénégal","https://images.coinafrique.com/thumb_2261876_uploaded_image1_1591810514.jpg"
"1767357295-424","https://sn.coinafrique.com/categorie/vetements-homme?page=114","Blouson","25 000CFA","Cambérène, Dakar, Sénégal","https://images.coinafrique.com/thumb_2261869_uploaded_image1_1591810470.jpg"
"1767357295-425","https://sn.coinafrique.com/categorie/vetements-homme?page=114","Debardeur","6 500CFA","Dakar, Sénégal","https://images.coinafrique.com/thumb_2261528_uploaded_image1_1591806544.jpg"
"1767357295-426","https://sn.coinafrique.com/categorie/vetements-homme?page=114","Ensemble homme","9 000CFA","Dakar, Sénégal","https://images.coinafrique.com/thumb_2261488_uploaded_image1_1591806318.jpg"
"1767357295-427","https://sn.coinafrique.com/categorie/vetements-homme?page=114","Ensemble blouson","25 000CFA","Cambérène, Dakar, Sénégal","https://images.coinafrique.com/thumb_2261476_uploaded_image1_1591806234.jpg"
"1767357295-428","https://sn.coinafrique.com/categorie/vetements-homme?page=114","Ensemble blouson homme","25 000CFA","Cambérène, Dakar, Sénégal","https://images.coinafrique.com/thumb_2261472_uploaded_image1_1591806197.jpg"
"1767357295-429","https://sn.coinafrique.com/categorie/vetements-homme?page=114","Ensemble homme","7 500CFA","Dakar, Sénégal","https://images.coinafrique.com/thumb_2260738_uploaded_image1_1591799326.jpg"
"1767357295-430","https://sn.coinafrique.com/categorie/vetements-homme?page=114","T-shirts homme","8 500CFA","Hann Bel-Air, Dakar, Sénégal","https://images.coinafrique.com/thumb_2259938_uploaded_image1_1591791487.jpg"
"1767357295-431","https://sn.coinafrique.com/categorie/vetements-homme?page=114","T-shirt Versace","5 000CFA","Dakar, Sénégal","https://images.coinafrique.com/thumb_2259227_uploaded_image1_1591784943.jpg"
"1767357295-432","https://sn.coinafrique.com/categorie/vetements-homme?page=114","T shirt","2 500CFA","Grand Yoff, Dakar, Sénégal","https://images.coinafrique.com/thumb_2258796_uploaded_image1_1591781424.jpg"
"1767357295-433","https://sn.coinafrique.com/categorie/vetements-homme?page=114","Ensembles Vêtements - Chaussures","Prix sur demande","Dakar, Sénégal","https://images.coinafrique.com/thumb_2257958_uploaded_image1_1591769159.jpg"
"1767357295-434","https://sn.coinafrique.com/categorie/vetements-homme?page=114","Caleçons","7 500CFA","Dakar, Sénégal","https://images.coinafrique.com/thumb_2257730_uploaded_image1_1591757757.jpg"
"1767357295-435","https://sn.coinafrique.com/categorie/vetements-homme?page=114","Pantalon Kaki","Prix sur demande","Parcelle Assainies, Dakar, Sénégal","https://images.coinafrique.com/thumb_2257607_uploaded_image1_1591750267.jpg"
"1767357295-436","https://sn.coinafrique.com/categorie/vetements-homme?page=114","Pantalons kaki","Prix sur demande","Parcelle Assainies, Dakar, Sénégal","https://images.coinafrique.com/thumb_2257546_uploaded_image1_1591749299.jpg"
"1767357295-437","https://sn.coinafrique.com/categorie/vetements-homme?page=114","Pantalon Kaki","6 500CFA","Dakar Plateau, Dakar, Sénégal","https://images.coinafrique.com/thumb_2257364_uploaded_image1_1591745664.jpg"
"1767357295-438","https://sn.coinafrique.com/categorie/vetements-homme?page=114","T-shirt - Pantalon","12 000CFA","Dakar, Sénégal","https://images.coinafrique.com/thumb_2257256_uploaded_image1_1591744361.jpg"
"1767357295-439","https://sn.coinafrique.com/categorie/vetements-homme?page=114","Ensembles","12 000CFA","Dakar, Sénégal","https://images.coinafrique.com/thumb_2257251_uploaded_image1_1591744334.jpg"
"1767357295-440","https://sn.coinafrique.com/categorie/vetements-homme?page=114","Ensemble homme","12 000CFA","Dakar, Sénégal","https://images.coinafrique.com/thumb_2257247_uploaded_image1_1591744300.jpg"
"1767357295-441","https://sn.coinafrique.com/categorie/vetements-homme?page=114","Ensemble T-shirt","10 000CFA","Dakar, Sénégal","https://images.coinafrique.com/thumb_2257244_uploaded_image1_1591744274.jpg"
"1767357295-442","https://sn.coinafrique.com/categorie/vetements-homme?page=114","Ensemble homme","10 000CFA","Dakar, Sénégal","https://images.coinafrique.com/thumb_2257238_uploaded_image1_1591744238.jpg"
"1767357295-443","https://sn.coinafrique.com/categorie/vetements-homme?page=114","Ensembles","10 000CFA","Dakar, Sénégal","https://images.coinafrique.com/thumb_2257236_uploaded_image1_1591744205.jpg"
"1767357295-444","https://sn.coinafrique.com/categorie/vetements-homme?page=114","Ensemble vêtements homme","10 000CFA","Dakar, Sénégal","https://images.coinafrique.com/thumb_2257234_uploaded_image1_1591744172.jpg"
"1767357295-445","https://sn.coinafrique.com/categorie/vetements-homme?page=114","Débardeurs homme","8 000CFA","Dakar Plateau, Dakar, Sénégal","https://images.coinafrique.com/thumb_2257048_uploaded_image1_1591741036.jpg"
"1767357295-446","https://sn.coinafrique.com/categorie/vetements-homme?page=114","Vêtements homme","Prix sur demande","Dieuppeul-Derklé, Dakar, Sénégal","https://images.coinafrique.com/thumb_2256924_uploaded_image1_1591739323.jpg"
"1767357295-447","https://sn.coinafrique.com/categorie/vetements-homme?page=114","Vêtements homme","Prix sur demande","Dieuppeul-Derklé, Dakar, Sénégal","https://images.coinafrique.com/thumb_2256795_uploaded_image1_1591737602.jpg"
"1767357295-448","https://sn.coinafrique.com/categorie/vetements-homme?page=114","T-shirt coton","2 000CFA","Grand Yoff, Dakar, Sénégal","https://images.coinafrique.com/thumb_2256700_uploaded_image1_1591735957.jpg"
"1767357295-449","https://sn.coinafrique.com/categorie/vetements-homme?page=114","Vêtements homme","Prix sur demande","Dieuppeul-Derklé, Dakar, Sénégal","https://images.coinafrique.com/thumb_2256541_uploaded_image1_1591733587.jpg"
"1767357295-450","https://sn.coinafrique.com/categorie/vetements-homme?page=114","T-shirt débadeur coton","4 000CFA","Pikine, Sénégal","https://images.coinafrique.com/thumb_2255953_uploaded_image1_1591725968.jpg"
"1767357295-451","https://sn.coinafrique.com/categorie/vetements-homme?page=114","Ensemble t-shirt + pantalon","12 000CFA","Dakar, Sénégal","https://images.coinafrique.com/thumb_2255903_uploaded_image1_1591725386.jpg"
"1767357295-452","https://sn.coinafrique.com/categorie/vetements-homme?page=114","Ensemble","12 000CFA","Dakar, Sénégal","https://images.coinafrique.com/thumb_2255877_uploaded_image1_1591724995.jpg"
"1767357295-453","https://sn.coinafrique.com/categorie/vetements-homme?page=114","Ensemble","12 000CFA","Dakar, Sénégal","https://images.coinafrique.com/thumb_2255875_uploaded_image1_1591724960.jpg"
"1767357295-454","https://sn.coinafrique.com/categorie/vetements-homme?page=114","Ensemble","12 000CFA","Dakar, Sénégal","https://images.coinafrique.com/thumb_2255872_uploaded_image1_1591724919.jpg"
"1767357295-455","https://sn.coinafrique.com/categorie/vetements-homme?page=114","Ensemble chemise + pantalon","12 000CFA","Dakar, Sénégal","https://images.coinafrique.com/thumb_2255869_uploaded_image1_1591724880.jpg"
"1767357295-456","https://sn.coinafrique.com/categorie/vetements-homme?page=114","Ensemble chemise + pantalon","11 000CFA","Dakar, Sénégal","https://images.coinafrique.com/thumb_2255866_uploaded_image1_1591724853.jpg"
"1767357295-457","https://sn.coinafrique.com/categorie/vetements-homme?page=114","Ensemble","11 000CFA","Dakar, Sénégal","https://images.coinafrique.com/thumb_2255863_uploaded_image1_1591724820.jpg"
"1767357295-458","https://sn.coinafrique.com/categorie/vetements-homme?page=114","Ensemble","11 000CFA","Dakar, Sénégal","https://images.coinafrique.com/thumb_2255859_uploaded_image1_1591724788.jpg"
"1767357295-459","https://sn.coinafrique.com/categorie/vetements-homme?page=114","Ensemble","8 500CFA","Dakar, Sénégal","https://images.coinafrique.com/thumb_2255855_uploaded_image1_1591724737.jpg"
"1767357295-460","https://sn.coinafrique.com/categorie/vetements-homme?page=114","Ensemble t-shirt + culotte","8 500CFA","Dakar, Sénégal","https://images.coinafrique.com/thumb_2255851_uploaded_image1_1591724698.jpg"
"1767357295-461","https://sn.coinafrique.com/categorie/vetements-homme?page=114","Ensemble","8 500CFA","Dakar, Sénégal","https://images.coinafrique.com/thumb_2255848_uploaded_image1_1591724663.jpg"
"1767357295-462","https://sn.coinafrique.com/categorie/vetements-homme?page=114","Vêtements homme","11 000CFA","Hann Bel-Air, Dakar, Sénégal","https://images.coinafrique.com/thumb_2255751_uploaded_image1_1591723095.jpg"
"1767357295-463","https://sn.coinafrique.com/categorie/vetements-homme?page=114","Ensemble homme","12 000CFA","Dakar, Sénégal","https://images.coinafrique.com/thumb_2255627_uploaded_image1_1591721077.jpg"
"1767357295-464","https://sn.coinafrique.com/categorie/vetements-homme?page=114","Ensemble homme","12 000CFA","Dakar, Sénégal","https://images.coinafrique.com/thumb_2255622_uploaded_image1_1591721039.jpg"
"1767357295-465","https://sn.coinafrique.com/categorie/vetements-homme?page=114","Ensemble homme","12 000CFA","Dakar, Sénégal","https://images.coinafrique.com/thumb_2255614_uploaded_image1_1591720983.jpg"
"1767357295-466","https://sn.coinafrique.com/categorie/vetements-homme?page=114","Ensemble homme","12 000CFA","Dakar, Sénégal","https://images.coinafrique.com/thumb_2255605_uploaded_image1_1591720915.jpg"
"1767357295-467","https://sn.coinafrique.com/categorie/vetements-homme?page=114","Ensemble homme","14 000CFA","Dakar, Sénégal","https://images.coinafrique.com/thumb_2255601_uploaded_image1_1591720887.jpg"
"1767357295-468","https://sn.coinafrique.com/categorie/vetements-homme?page=114","Ensemble homme","14 000CFA","Dakar, Sénégal","https://images.coinafrique.com/thumb_2255598_uploaded_image1_1591720857.jpg"
"1767357295-469","https://sn.coinafrique.com/categorie/vetements-homme?page=114","Ensemble homme","14 000CFA","Dakar, Sénégal","https://images.coinafrique.com/thumb_2255591_uploaded_image1_1591720794.jpg"
"1767357295-470","https://sn.coinafrique.com/categorie/vetements-homme?page=114","Ensemble homme","11 000CFA","Dakar, Sénégal","https://images.coinafrique.com/thumb_2255373_uploaded_image1_1591718617.jpg"
"1767357295-471","https://sn.coinafrique.com/categorie/vetements-homme?page=114","Vêtements homme","Prix sur demande","Dieuppeul-Derklé, Dakar, Sénégal","https://images.coinafrique.com/thumb_2253002_uploaded_image1_1591697336.jpg"
"1767357295-472","https://sn.coinafrique.com/categorie/vetements-homme?page=114","T-shirt","8 500CFA","Grand Yoff, Dakar, Sénégal","https://images.coinafrique.com/thumb_2252126_uploaded_image1_1591687196.jpg"
"1767357295-473","https://sn.coinafrique.com/categorie/vetements-homme?page=114","Vêtements homme","20 000CFA","Dakar, Sénégal","https://images.coinafrique.com/thumb_2251772_uploaded_image1_1591679162.jpg"
"1767357295-474","https://sn.coinafrique.com/categorie/vetements-homme?page=114","Ensemble pour homme","18 500CFA","Dakar, Sénégal","https://images.coinafrique.com/thumb_2251761_uploaded_image1_1591678715.jpg"
"1767357295-475","https://sn.coinafrique.com/categorie/vetements-homme?page=114","Vêtement Jallabé","10 000CFA","Dakar, Sénégal","https://images.coinafrique.com/thumb_2251527_uploaded_image1_1591666223.jpg"
"1767357295-476","https://sn.coinafrique.com/categorie/vetements-homme?page=114","Ensemble Polo-pantalon Lacoste","15 000CFA","Dakar, Sénégal","https://images.coinafrique.com/thumb_2251525_uploaded_image1_1591666087.jpg"
"1767357295-477","https://sn.coinafrique.com/categorie/vetements-homme?page=114","Ensemble Polo-pantalon - Lacoste","12 000CFA","Dakar, Sénégal","https://images.coinafrique.com/thumb_2251523_uploaded_image1_1591666026.jpg"
"1767357295-478","https://sn.coinafrique.com/categorie/vetements-homme?page=114","Jogging","7 500CFA","Dakar, Sénégal","https://images.coinafrique.com/thumb_2251503_uploaded_image1_1591664831.jpg"
"1767357295-479","https://sn.coinafrique.com/categorie/vetements-homme?page=114","Pantalon kaki","6 500CFA","Dakar, Sénégal","https://images.coinafrique.com/thumb_2251388_uploaded_image1_1591661995.jpg"
"1767357295-480","https://sn.coinafrique.com/categorie/vetements-homme?page=114","Pantalon kaki","6 500CFA","Dakar, Sénégal","https://images.coinafrique.com/thumb_2251385_uploaded_image1_1591661960.jpg"
"1767357295-481","https://sn.coinafrique.com/categorie/vetements-homme?page=114","Pantalon Kaki","6 500CFA","Dakar, Sénégal","https://images.coinafrique.com/thumb_2251382_uploaded_image1_1591661930.jpg"
"1767357295-482","https://sn.coinafrique.com/categorie/vetements-homme?page=114","Ensemble homme","12 000CFA","Dakar, Sénégal","https://images.coinafrique.com/thumb_2251348_uploaded_image1_1591661508.jpg"
"1767357295-483","https://sn.coinafrique.com/categorie/vetements-homme?page=114","Ensemble homme","12 000CFA","Dakar, Sénégal","https://images.coinafrique.com/thumb_2251346_uploaded_image1_1591661474.jpg"
"1767357295-484","https://sn.coinafrique.com/categorie/vetements-homme?page=114","Ensemble polo et pantalon","12 000CFA","Dakar, Sénégal","https://images.coinafrique.com/thumb_2251344_uploaded_image1_1591661448.jpg"
"1767357295-485","https://sn.coinafrique.com/categorie/vetements-homme?page=114","Ensemble homme","12 000CFA","Dakar, Sénégal","https://images.coinafrique.com/thumb_2251343_uploaded_image1_1591661414.jpg"
"1767357295-486","https://sn.coinafrique.com/categorie/vetements-homme?page=114","Ensemble homme","12 000CFA","Dakar, Sénégal","https://images.coinafrique.com/thumb_2251340_uploaded_image1_1591661388.jpg"
"1767357295-487","https://sn.coinafrique.com/categorie/vetements-homme?page=114","Ensemble vêtements homme","12 000CFA","Dakar, Sénégal","https://images.coinafrique.com/thumb_2251338_uploaded_image1_1591661359.jpg"
"1767357295-488","https://sn.coinafrique.com/categorie/vetements-homme?page=114","Pantalons kaki","10 000CFA","Parcelle Assainies, Dakar, Sénégal","https://images.coinafrique.com/thumb_2250954_uploaded_image1_1591655162.jpg"
"1767357295-489","https://sn.coinafrique.com/categorie/vetements-homme?page=114","Pantalons kaki","10 000CFA","Parcelle Assainies, Dakar, Sénégal","https://images.coinafrique.com/thumb_2250948_uploaded_image1_1591654968.jpg"
"1767357295-490","https://sn.coinafrique.com/categorie/vetements-homme?page=114","Pantalons kaki","10 000CFA","Parcelle Assainies, Dakar, Sénégal","https://images.coinafrique.com/thumb_2250934_uploaded_image1_1591654625.jpg"
"1767357295-491","https://sn.coinafrique.com/categorie/vetements-homme?page=114","Vêtements  homme","Prix sur demande","Dakar, Sénégal","https://images.coinafrique.com/thumb_2250487_uploaded_image1_1591649737.jpg"
"1767357295-492","https://sn.coinafrique.com/categorie/vetements-homme?page=114","Tenues africaines","25 000CFA","Cambérène, Dakar, Sénégal","https://images.coinafrique.com/thumb_2249997_uploaded_image1_1591643135.jpg"
"1767357295-493","https://sn.coinafrique.com/categorie/vetements-homme?page=114","Tenues africaines - homme","25 000CFA","Cambérène, Dakar, Sénégal","https://images.coinafrique.com/thumb_2249996_uploaded_image1_1591643104.jpg"
"1767357295-494","https://sn.coinafrique.com/categorie/vetements-homme?page=114","Tenue africaine","25 000CFA","Cambérène, Dakar, Sénégal","https://images.coinafrique.com/thumb_2249990_uploaded_image1_1591643059.jpg"
"1767357295-495","https://sn.coinafrique.com/categorie/vetements-homme?page=114","Tenues africaines","70 000CFA","Cambérène, Dakar, Sénégal","https://images.coinafrique.com/thumb_2249988_uploaded_image1_1591643029.jpg"
"1767357295-496","https://sn.coinafrique.com/categorie/vetements-homme?page=114","Lacoste","10 000CFA","Cambérène, Dakar, Sénégal","https://images.coinafrique.com/thumb_2249916_uploaded_image1_1591642309.jpg"
"1767357295-497","https://sn.coinafrique.com/categorie/vetements-homme?page=114","Lacoste","10 000CFA","Dakar, Sénégal","https://images.coinafrique.com/thumb_2249910_uploaded_image1_1591642238.jpg"
"1767357295-498","https://sn.coinafrique.com/categorie/vetements-homme?page=114","Lacoste","10 000CFA","Dakar, Sénégal","https://images.coinafrique.com/thumb_2249906_uploaded_image1_1591642202.jpg"
"1767357295-499","https://sn.coinafrique.com/categorie/vetements-homme?page=114","Ensemble lacoste + pantalon kaki","Prix sur demande","Grand Dakar, Dakar, Sénégal","https://images.coinafrique.com/thumb_2249795_uploaded_image1_1591640543.jpg"
"1767357295-500","https://sn.coinafrique.com/categorie/vetements-homme?page=114","T-shirt","4 000CFA","Cambérène, Dakar, Sénégal","https://images.coinafrique.com/thumb_2247937_uploaded_image1_1591620863.65.jpeg"
"1767357295-501","https://sn.coinafrique.com/categorie/vetements-homme?page=114","Pantalon homme","6 500CFA","Cambérène, Dakar, Sénégal","https://images.coinafrique.com/thumb_2247927_uploaded_image1_1591620789.54.jpeg"
"1767357295-502","https://sn.coinafrique.com/categorie/vetements-homme?page=114","Short","6 000CFA","Cambérène, Dakar, Sénégal","https://images.coinafrique.com/thumb_2247920_uploaded_image1_1591620738.18.jpeg"
"1767357295-503","https://sn.coinafrique.com/categorie/vetements-homme?page=114","Habits","8 000CFA","Yoff, Dakar, Sénégal","https://images.coinafrique.com/thumb_2247810_uploaded_image1_1591619995.jpg"
"1767357295-504","https://sn.coinafrique.com/categorie/vetements-homme?page=114","Habits","8 000CFA","Yoff, Dakar, Sénégal","https://images.coinafrique.com/thumb_2247786_uploaded_image1_1591619856.jpg"
"1767357308-505","https://sn.coinafrique.com/categorie/vetements-homme?page=113","Pantalon Kaki","6 500CFA","Dakar Plateau, Dakar, Sénégal","https://images.coinafrique.com/thumb_2275925_uploaded_image1_1592003421.jpg"
"1767357308-506","https://sn.coinafrique.com/categorie/vetements-homme?page=113","Ensemble homme","12 000CFA","Dakar Plateau, Dakar, Sénégal","https://images.coinafrique.com/thumb_2275865_uploaded_image1_1592002699.jpg"
"1767357308-507","https://sn.coinafrique.com/categorie/vetements-homme?page=113","Ensemble vêtements homme","12 000CFA","Dakar Plateau, Dakar, Sénégal","https://images.coinafrique.com/thumb_2275863_uploaded_image1_1592002671.jpg"
"1767357308-508","https://sn.coinafrique.com/categorie/vetements-homme?page=113","Ensemble homme","12 000CFA","Dakar Plateau, Dakar, Sénégal","https://images.coinafrique.com/thumb_2275859_uploaded_image1_1592002640.jpg"
"1767357308-509","https://sn.coinafrique.com/categorie/vetements-homme?page=113","Ensemble homme","12 000CFA","Dakar Plateau, Dakar, Sénégal","https://images.coinafrique.com/thumb_2275858_uploaded_image1_1592002615.jpg"
"1767357308-510","https://sn.coinafrique.com/categorie/vetements-homme?page=113","Ensemble homme","12 000CFA","Dakar Plateau, Dakar, Sénégal","https://images.coinafrique.com/thumb_2275855_uploaded_image1_1592002590.jpg"
"1767357308-511","https://sn.coinafrique.com/categorie/vetements-homme?page=113","Ensemble vêtements homme","12 000CFA","Dakar Plateau, Dakar, Sénégal","https://images.coinafrique.com/thumb_2275851_uploaded_image1_1592002565.jpg"
"1767357308-512","https://sn.coinafrique.com/categorie/vetements-homme?page=113","Ensemble homme","12 000CFA","Dakar Plateau, Dakar, Sénégal","https://images.coinafrique.com/thumb_2275848_uploaded_image1_1592002537.jpg"
"1767357308-513","https://sn.coinafrique.com/categorie/vetements-homme?page=113","Ensemble homme","12 000CFA","Dakar Plateau, Dakar, Sénégal","https://images.coinafrique.com/thumb_2275843_uploaded_image1_1592002508.jpg"
"1767357308-514","https://sn.coinafrique.com/categorie/vetements-homme?page=113","T-shirt et casquette en coton","3 500CFA","Grand Yoff, Dakar, Sénégal","https://images.coinafrique.com/thumb_2275706_uploaded_image1_1591999830.jpg"
"1767357308-515","https://sn.coinafrique.com/categorie/vetements-homme?page=113","Polo Lacoste homme","Prix sur demande","HLM, Dakar, Sénégal","https://images.coinafrique.com/thumb_2275297_uploaded_image1_1591993155.jpg"
"1767357308-516","https://sn.coinafrique.com/categorie/vetements-homme?page=113","T-shirt coton homme","Prix sur demande","HLM, Dakar, Sénégal","https://images.coinafrique.com/thumb_2275286_uploaded_image1_1591992953.jpg"
"1767357308-517","https://sn.coinafrique.com/categorie/vetements-homme?page=113","Habits homme","Prix sur demande","Dakar-Plateau, Dakar, Sénégal","https://images.coinafrique.com/thumb_2275279_uploaded_image1_1591992827.jpg"
"1767357308-518","https://sn.coinafrique.com/categorie/vetements-homme?page=113","Tenue africaine","25 000CFA","Dakar Plateau, Dakar, Sénégal","https://images.coinafrique.com/thumb_2274732_uploaded_image1_1591984173.jpg"
"1767357308-519","https://sn.coinafrique.com/categorie/vetements-homme?page=113","Lacoste","Prix sur demande","Parcelle Assainies, Dakar, Sénégal","https://images.coinafrique.com/thumb_2274643_uploaded_image1_1591982763.jpg"
"1767357308-520","https://sn.coinafrique.com/categorie/vetements-homme?page=113","Ensemble short","10 000CFA","Dakar Plateau, Dakar, Sénégal","https://images.coinafrique.com/thumb_2274419_uploaded_image1_1591980030.jpg"
"1767357308-521","https://sn.coinafrique.com/categorie/vetements-homme?page=113","Ensemble short","10 000CFA","Dakar Plateau, Dakar, Sénégal","https://images.coinafrique.com/thumb_2274414_uploaded_image1_1591979998.jpg"
"1767357308-522","https://sn.coinafrique.com/categorie/vetements-homme?page=113","Pantalon kaki homme","12 000CFA","Dakar Plateau, Dakar, Sénégal","https://images.coinafrique.com/thumb_2274408_uploaded_image1_1591979917.jpg"
"1767357308-523","https://sn.coinafrique.com/categorie/vetements-homme?page=113","T-shirt et casquette","3 000CFA","Grand Yoff, Dakar, Sénégal","https://images.coinafrique.com/thumb_2274234_uploaded_image1_1591977333.jpg"
"1767357308-524","https://sn.coinafrique.com/categorie/vetements-homme?page=113","Body en coton","7 000CFA","Mermoz-Sacré Coeur, Dakar, Sénégal","https://images.coinafrique.com/thumb_2273144_uploaded_image1_1591964210.jpg"
"1767357308-525","https://sn.coinafrique.com/categorie/vetements-homme?page=113","T-shirts homme","7 000CFA","Mermoz-Sacré Coeur, Dakar, Sénégal","https://images.coinafrique.com/thumb_2273131_uploaded_image1_1591964099.jpg"
"1767357308-526","https://sn.coinafrique.com/categorie/vetements-homme?page=113","Body coton","7 000CFA","Mermoz-Sacré Coeur, Dakar, Sénégal","https://images.coinafrique.com/thumb_2273115_uploaded_image1_1591963997.jpg"
"1767357308-527","https://sn.coinafrique.com/categorie/vetements-homme?page=113","Body coton","7 000CFA","Mermoz-Sacré Coeur, Dakar, Sénégal","https://images.coinafrique.com/thumb_2273090_uploaded_image1_1591963874.jpg"
"1767357308-528","https://sn.coinafrique.com/categorie/vetements-homme?page=113","Ensemble body et short","17 000CFA","Mermoz-Sacré Coeur, Dakar, Sénégal","https://images.coinafrique.com/thumb_2272675_uploaded_image1_1591959867.jpg"
"1767357308-529","https://sn.coinafrique.com/categorie/vetements-homme?page=113","Ensemble body et short  /  100% coton","17 000CFA","Mermoz-Sacré Coeur, Dakar, Sénégal","https://images.coinafrique.com/thumb_2272670_uploaded_image1_1591959761.jpg"
"1767357308-530","https://sn.coinafrique.com/categorie/vetements-homme?page=113","T-shirt","9 000CFA","Mermoz-Sacré Coeur, Dakar, Sénégal","https://images.coinafrique.com/thumb_2272653_uploaded_image1_1591959602.jpg"
"1767357308-531","https://sn.coinafrique.com/categorie/vetements-homme?page=113","Body coton","9 000CFA","Mermoz-Sacré Coeur, Dakar, Sénégal","https://images.coinafrique.com/thumb_2272640_uploaded_image1_1591959509.jpg"
"1767357308-532","https://sn.coinafrique.com/categorie/vetements-homme?page=113","Body coton","9 000CFA","Mermoz-Sacré Coeur, Dakar, Sénégal","https://images.coinafrique.com/thumb_2272630_uploaded_image1_1591959420.jpg"
"1767357308-533","https://sn.coinafrique.com/categorie/vetements-homme?page=113","Body  coton","9 000CFA","Mermoz-Sacré Coeur, Dakar, Sénégal","https://images.coinafrique.com/thumb_2272608_uploaded_image1_1591959296.jpg"
"1767357308-534","https://sn.coinafrique.com/categorie/vetements-homme?page=113","Body  coton","9 000CFA","Mermoz-Sacré Coeur, Dakar, Sénégal","https://images.coinafrique.com/thumb_2272590_uploaded_image1_1591959131.jpg"
"1767357308-535","https://sn.coinafrique.com/categorie/vetements-homme?page=113","Tee-Shirts","4 500CFA","Grand Dakar, Dakar, Sénégal","https://images.coinafrique.com/thumb_2270923_uploaded_image1_1591930253.jpg"
"1767357308-536","https://sn.coinafrique.com/categorie/vetements-homme?page=113","Tee-Shirts","4 500CFA","Grand Dakar, Dakar, Sénégal","https://images.coinafrique.com/thumb_2270922_uploaded_image1_1591930199.jpg"
"1767357308-537","https://sn.coinafrique.com/categorie/vetements-homme?page=113","Tee-Shirts","4 500CFA","Grand Dakar, Dakar, Sénégal","https://images.coinafrique.com/thumb_2270921_uploaded_image1_1591930147.jpg"
"1767357308-538","https://sn.coinafrique.com/categorie/vetements-homme?page=113","Ensemble Shorts","15 000CFA","Grand Dakar, Dakar, Sénégal","https://images.coinafrique.com/thumb_2270916_uploaded_image1_1591930097.jpg"
"1767357308-539","https://sn.coinafrique.com/categorie/vetements-homme?page=113","Vêtements","Prix sur demande","Dieuppeul-Derklé, Dakar, Sénégal","https://images.coinafrique.com/thumb_2270917_uploaded_image1_1591930097.jpg"
"1767357308-540","https://sn.coinafrique.com/categorie/vetements-homme?page=113","Ensemble Short","15 000CFA","Grand Dakar, Dakar, Sénégal","https://images.coinafrique.com/thumb_2270914_uploaded_image1_1591930046.jpg"
"1767357308-541","https://sn.coinafrique.com/categorie/vetements-homme?page=113","Chemises homme","8 000CFA","HLM, Dakar, Sénégal","https://images.coinafrique.com/thumb_2270757_uploaded_image1_1591923278.jpg"
"1767357308-542","https://sn.coinafrique.com/categorie/vetements-homme?page=113","Ensemble  homme","Prix sur demande","Sicap Liberté, Dakar, Sénégal","https://images.coinafrique.com/thumb_2270699_uploaded_image1_1591922005.jpg"
"1767357308-543","https://sn.coinafrique.com/categorie/vetements-homme?page=113","Ensemble  homme","Prix sur demande","Sicap Liberté, Dakar, Sénégal","https://images.coinafrique.com/thumb_2270691_uploaded_image1_1591921929.jpg"
"1767357308-544","https://sn.coinafrique.com/categorie/vetements-homme?page=113","Ensemble  homme","Prix sur demande","Sicap Liberté, Dakar, Sénégal","https://images.coinafrique.com/thumb_2270674_uploaded_image1_1591921725.jpg"
"1767357308-545","https://sn.coinafrique.com/categorie/vetements-homme?page=113","Ensemble  homme","Prix sur demande","Sicap Liberté, Dakar, Sénégal","https://images.coinafrique.com/thumb_2270672_uploaded_image1_1591921687.jpg"
"1767357308-546","https://sn.coinafrique.com/categorie/vetements-homme?page=113","Ensemble  homme","Prix sur demande","Sicap Liberté, Dakar, Sénégal","https://images.coinafrique.com/thumb_2270671_uploaded_image1_1591921655.jpg"
"1767357308-547","https://sn.coinafrique.com/categorie/vetements-homme?page=113","T-shirt homme","Prix sur demande","Sicap Liberté, Dakar, Sénégal","https://images.coinafrique.com/thumb_2270621_uploaded_image1_1591921196.jpg"
"1767357308-548","https://sn.coinafrique.com/categorie/vetements-homme?page=113","T-shirt","Prix sur demande","Sicap Liberté, Dakar, Sénégal","https://images.coinafrique.com/thumb_2270614_uploaded_image1_1591921149.jpg"
"1767357308-549","https://sn.coinafrique.com/categorie/vetements-homme?page=113","Ensemble vêtements","12 000CFA","Dakar Plateau, Dakar, Sénégal","https://images.coinafrique.com/thumb_2270405_uploaded_image1_1591918288.jpg"
"1767357308-550","https://sn.coinafrique.com/categorie/vetements-homme?page=113","Ensemble Vêtement Homme","12 000CFA","Dakar Plateau, Dakar, Sénégal","https://images.coinafrique.com/thumb_2270402_uploaded_image1_1591918260.jpg"
"1767357308-551","https://sn.coinafrique.com/categorie/vetements-homme?page=113","Ensemble Vêtement","12 000CFA","Dakar Plateau, Dakar, Sénégal","https://images.coinafrique.com/thumb_2270399_uploaded_image1_1591918228.jpg"
"1767357308-552","https://sn.coinafrique.com/categorie/vetements-homme?page=113","T-shirt","Prix sur demande","Parcelle Assainies, Dakar, Sénégal","https://images.coinafrique.com/thumb_2270282_uploaded_image1_1591916447.jpg"
"1767357308-553","https://sn.coinafrique.com/categorie/vetements-homme?page=113","T-shirt","Prix sur demande","Parcelle Assainies, Dakar, Sénégal","https://images.coinafrique.com/thumb_2270268_uploaded_image1_1591916266.jpg"
"1767357308-554","https://sn.coinafrique.com/categorie/vetements-homme?page=113","Tee-shirts","Prix sur demande","Parcelle Assainies, Dakar, Sénégal","https://images.coinafrique.com/thumb_2270253_uploaded_image1_1591916116.jpg"
"1767357308-555","https://sn.coinafrique.com/categorie/vetements-homme?page=113","T-shirt","Prix sur demande","Parcelle Assainies, Dakar, Sénégal","https://images.coinafrique.com/thumb_2270241_uploaded_image1_1591915985.jpg"
"1767357308-556","https://sn.coinafrique.com/categorie/vetements-homme?page=113","T- shirt coton","2 000CFA","Grand Yoff, Dakar, Sénégal","https://images.coinafrique.com/thumb_2270234_uploaded_image1_1591915930.jpg"
"1767357308-557","https://sn.coinafrique.com/categorie/vetements-homme?page=113","T-shirt homme","5 000CFA","Dakar, Sénégal","https://images.coinafrique.com/thumb_2269735_uploaded_image1_1591909465.jpg"
"1767357308-558","https://sn.coinafrique.com/categorie/vetements-homme?page=113","Bay lahat","21 000CFA","Parcelle Assainies, Dakar, Sénégal","https://images.coinafrique.com/thumb_2269444_uploaded_image1_1591904760.jpg"
"1767357308-559","https://sn.coinafrique.com/categorie/vetements-homme?page=113","Ensemble  homme","13 500CFA","Grand Dakar, Dakar, Sénégal","https://images.coinafrique.com/thumb_2267780_uploaded_image1_1591885119.jpg"
"1767357308-560","https://sn.coinafrique.com/categorie/vetements-homme?page=113","Chemises","6 000CFA","Grand Dakar, Dakar, Sénégal","https://images.coinafrique.com/thumb_2267768_uploaded_image1_1591885036.jpg"
"1767357308-561","https://sn.coinafrique.com/categorie/vetements-homme?page=113","Ensemble Pantalon + tshirt","10 000CFA","Grand Dakar, Dakar, Sénégal","https://images.coinafrique.com/thumb_2267761_uploaded_image1_1591884971.jpg"
"1767357308-562","https://sn.coinafrique.com/categorie/vetements-homme?page=113","Ensemble Lacoste kaki","13 500CFA","Grand Dakar, Dakar, Sénégal","https://images.coinafrique.com/thumb_2267750_uploaded_image1_1591884917.jpg"
"1767357308-563","https://sn.coinafrique.com/categorie/vetements-homme?page=113","Pantalons homme","7 000CFA","Grand Dakar, Dakar, Sénégal","https://images.coinafrique.com/thumb_2267736_uploaded_image1_1591884839.jpg"
"1767357308-564","https://sn.coinafrique.com/categorie/vetements-homme?page=113","T-shirt","3 500CFA","Fass, Dakar, Sénégal","https://images.coinafrique.com/thumb_2267576_uploaded_image1_1591883432.jpg"
"1767357308-565","https://sn.coinafrique.com/categorie/vetements-homme?page=113","Tenue homme","7 000CFA","Parcelle Assainies, Dakar, Sénégal","https://images.coinafrique.com/thumb_2265931_uploaded_image1_1591870529.jpg"
"1767357308-566","https://sn.coinafrique.com/categorie/vetements-homme?page=113","Debardeur","6 500CFA","Dakar, Sénégal","https://images.coinafrique.com/thumb_2265582_uploaded_image1_1591867722.jpg"
"1767357308-567","https://sn.coinafrique.com/categorie/vetements-homme?page=113","Polo Lacoste","5 000CFA","Dakar, Sénégal","https://images.coinafrique.com/thumb_2265568_uploaded_image1_1591867658.jpg"
"1767357308-568","https://sn.coinafrique.com/categorie/vetements-homme?page=113","Polo Lacoste","5 000CFA","Dakar, Sénégal","https://images.coinafrique.com/thumb_2265554_uploaded_image1_1591867548.jpg"
"1767357308-569","https://sn.coinafrique.com/categorie/vetements-homme?page=113","Pantalons Kaki","10 000CFA","Parcelle Assainies, Dakar, Sénégal","https://images.coinafrique.com/thumb_2264059_uploaded_image1_1591851308.jpg"
"1767357308-570","https://sn.coinafrique.com/categorie/vetements-homme?page=113","Pantalons jeans Lee","10 000CFA","Parcelle Assainies, Dakar, Sénégal","https://images.coinafrique.com/thumb_2264055_uploaded_image1_1591851013.jpg"
"1767357308-571","https://sn.coinafrique.com/categorie/vetements-homme?page=113","Pantalons Kaki","10 000CFA","Parcelle Assainies, Dakar, Sénégal","https://images.coinafrique.com/thumb_2264052_uploaded_image1_1591850538.jpg"
"1767357308-572","https://sn.coinafrique.com/categorie/vetements-homme?page=113","Habits","4 000CFA","Dakar-Plateau, Dakar, Sénégal","https://images.coinafrique.com/thumb_2263920_uploaded_image1_1591840881.jpg"
"1767357308-573","https://sn.coinafrique.com/categorie/vetements-homme?page=113","T-shirt","Prix sur demande","Sicap Liberté, Dakar, Sénégal","https://images.coinafrique.com/thumb_2263827_uploaded_image1_1591838354.jpg"
"1767357308-574","https://sn.coinafrique.com/categorie/vetements-homme?page=113","Ensemble Lacoste - Pantalon kaki","20 000CFA","Mermoz-Sacré Coeur, Dakar, Sénégal","https://images.coinafrique.com/thumb_2263826_uploaded_image1_1591838338.jpg"
"1767357308-575","https://sn.coinafrique.com/categorie/vetements-homme?page=113","T-shirt","Prix sur demande","Sicap Liberté, Dakar, Sénégal","https://images.coinafrique.com/thumb_2263825_uploaded_image1_1591838320.jpg"
"1767357308-576","https://sn.coinafrique.com/categorie/vetements-homme?page=113","Tee-shirts","Prix sur demande","Sicap Liberté, Dakar, Sénégal","https://images.coinafrique.com/thumb_2263823_uploaded_image1_1591838284.jpg"
"1767357308-577","https://sn.coinafrique.com/categorie/vetements-homme?page=113","Tee-shirts","Prix sur demande","Sicap Liberté, Dakar, Sénégal","https://images.coinafrique.com/thumb_2263822_uploaded_image1_1591838256.jpg"
"1767357308-578","https://sn.coinafrique.com/categorie/vetements-homme?page=113","Ensemble Lacoste - Pantalon kaki","20 000CFA","Mermoz-Sacré Coeur, Dakar, Sénégal","https://images.coinafrique.com/thumb_2263821_uploaded_image1_1591838232.jpg"
"1767357308-579","https://sn.coinafrique.com/categorie/vetements-homme?page=113","Ensemble vêtements","Prix sur demande","Dieuppeul-Derklé, Dakar, Sénégal","https://images.coinafrique.com/thumb_2263645_uploaded_image1_1591834438.jpg"
"1767357308-580","https://sn.coinafrique.com/categorie/vetements-homme?page=113","Vêtements","Prix sur demande","Dieuppeul-Derklé, Dakar, Sénégal","https://images.coinafrique.com/thumb_2263636_uploaded_image1_1591834378.jpg"
"1767357308-581","https://sn.coinafrique.com/categorie/vetements-homme?page=113","Ensemble Vêtement Homme","11 000CFA","Dakar Plateau, Dakar, Sénégal","https://images.coinafrique.com/thumb_2263515_uploaded_image1_1591832511.jpg"
"1767357308-582","https://sn.coinafrique.com/categorie/vetements-homme?page=113","Ensemble Vêtement Homme","11 000CFA","Dakar Plateau, Dakar, Sénégal","https://images.coinafrique.com/thumb_2263513_uploaded_image1_1591832484.jpg"
"1767357308-583","https://sn.coinafrique.com/categorie/vetements-homme?page=113","Ensemble vêtements","11 000CFA","Dakar Plateau, Dakar, Sénégal","https://images.coinafrique.com/thumb_2263510_uploaded_image1_1591832461.jpg"
"1767357308-584","https://sn.coinafrique.com/categorie/vetements-homme?page=113","Ensemble Vêtement Homme","11 000CFA","Dakar Plateau, Dakar, Sénégal","https://images.coinafrique.com/thumb_2263506_uploaded_image1_1591832437.jpg"
"1767357308-585","https://sn.coinafrique.com/categorie/vetements-homme?page=113","Ensemble vêtements","11 000CFA","Dakar Plateau, Dakar, Sénégal","https://images.coinafrique.com/thumb_2263502_uploaded_image1_1591832406.jpg"
"1767357308-586","https://sn.coinafrique.com/categorie/vetements-homme?page=113","Tee-shirt homme - femme","4 000CFA","Dakar, Sénégal","https://images.coinafrique.com/thumb_2262980_uploaded_image1_1591824689.jpg"
"1767357308-587","https://sn.coinafrique.com/categorie/vetements-homme?page=113","Pantalons Jeans","12 000CFA","Dakar Plateau, Dakar, Sénégal","https://images.coinafrique.com/thumb_2262413_uploaded_image1_1591817092.jpg"
"1767357308-588","https://sn.coinafrique.com/categorie/vetements-homme?page=113","Jeans homme","12 000CFA","Dakar Plateau, Dakar, Sénégal","https://images.coinafrique.com/thumb_2262408_uploaded_image1_1591817049.jpg"
"1767357319-589","https://sn.coinafrique.com/categorie/vetements-homme?page=112","Kaki","650CFA","Dakar Plateau, Dakar, Sénégal","https://images.coinafrique.com/thumb_2290998_uploaded_image1_1592262477.jpg"
"1767357319-590","https://sn.coinafrique.com/categorie/vetements-homme?page=112","Kaki","6 500CFA","Dakar Plateau, Dakar, Sénégal","https://images.coinafrique.com/thumb_2290995_uploaded_image1_1592262431.jpg"
"1767357319-591","https://sn.coinafrique.com/categorie/vetements-homme?page=112","Kaki","6 500CFA","Dakar Plateau, Dakar, Sénégal","https://images.coinafrique.com/thumb_2290993_uploaded_image1_1592262382.jpg"
"1767357319-592","https://sn.coinafrique.com/categorie/vetements-homme?page=112","Ensemble débardeur + short","8 000CFA","Dakar, Sénégal","https://images.coinafrique.com/thumb_2290918_uploaded_image1_1592261183.jpg"
"1767357319-593","https://sn.coinafrique.com/categorie/vetements-homme?page=112","Ensemble t-shirt + short","9 000CFA","Dakar, Sénégal","https://images.coinafrique.com/thumb_2290914_uploaded_image1_1592261122.jpg"
"1767357319-594","https://sn.coinafrique.com/categorie/vetements-homme?page=112","Ensemble blouson","15 000CFA","Dakar Plateau, Dakar, Sénégal","https://images.coinafrique.com/thumb_2290298_uploaded_image1_1592252086.jpg"
"1767357319-595","https://sn.coinafrique.com/categorie/vetements-homme?page=112","Pantalon jeans","12 000CFA","Dakar Plateau, Dakar, Sénégal","https://images.coinafrique.com/thumb_2290286_uploaded_image1_1592251920.jpg"
"1767357319-596","https://sn.coinafrique.com/categorie/vetements-homme?page=112","Lacoste homme","10 000CFA","Dakar Plateau, Dakar, Sénégal","https://images.coinafrique.com/thumb_2290284_uploaded_image1_1592251879.jpg"
"1767357319-597","https://sn.coinafrique.com/categorie/vetements-homme?page=112","Ensemble blouson","25 000CFA","Dakar Plateau, Dakar, Sénégal","https://images.coinafrique.com/thumb_2290277_uploaded_image1_1592251852.jpg"
"1767357319-598","https://sn.coinafrique.com/categorie/vetements-homme?page=112","Polo Lacoste","10 000CFA","Dakar Plateau, Dakar, Sénégal","https://images.coinafrique.com/thumb_2290267_uploaded_image1_1592251665.jpg"
"1767357319-599","https://sn.coinafrique.com/categorie/vetements-homme?page=112","Ensemble polo + pantalon","18 000CFA","Parcelle Assainies, Dakar, Sénégal","https://images.coinafrique.com/thumb_2289333_uploaded_image1_1592239281.jpg"
"1767357319-600","https://sn.coinafrique.com/categorie/vetements-homme?page=112","Ensemble Polo","18 000CFA","Parcelle Assainies, Dakar, Sénégal","https://images.coinafrique.com/thumb_2289320_uploaded_image1_1592239231.jpg"
"1767357319-601","https://sn.coinafrique.com/categorie/vetements-homme?page=112","Ensemble Polo pantalon","18 000CFA","Parcelle Assainies, Dakar, Sénégal","https://images.coinafrique.com/thumb_2289314_uploaded_image1_1592239180.jpg"
"1767357319-602","https://sn.coinafrique.com/categorie/vetements-homme?page=112","Ensemble polo + pantalon","18 000CFA","Parcelle Assainies, Dakar, Sénégal","https://images.coinafrique.com/thumb_2289303_uploaded_image1_1592239128.jpg"
"1767357319-603","https://sn.coinafrique.com/categorie/vetements-homme?page=112","Ensemble polo pantalon","18 000CFA","Parcelle Assainies, Dakar, Sénégal","https://images.coinafrique.com/thumb_2289296_uploaded_image1_1592239074.jpg"
"1767357319-604","https://sn.coinafrique.com/categorie/vetements-homme?page=112","Ensemble polo + pantalon","18 000CFA","Parcelle Assainies, Dakar, Sénégal","https://images.coinafrique.com/thumb_2289291_uploaded_image1_1592239023.jpg"
"1767357319-605","https://sn.coinafrique.com/categorie/vetements-homme?page=112","Ensemble Polo","18 000CFA","Parcelle Assainies, Dakar, Sénégal","https://images.coinafrique.com/thumb_2289285_uploaded_image1_1592238963.jpg"
"1767357319-606","https://sn.coinafrique.com/categorie/vetements-homme?page=112","Ensemble Polo pantalon","18 000CFA","Parcelle Assainies, Dakar, Sénégal","https://images.coinafrique.com/thumb_2289277_uploaded_image1_1592238889.jpg"
"1767357319-607","https://sn.coinafrique.com/categorie/vetements-homme?page=112","Polo Lacoste","10 000CFA","Dakar Plateau, Dakar, Sénégal","https://images.coinafrique.com/thumb_2288149_uploaded_image1_1592228252.jpg"
"1767357319-608","https://sn.coinafrique.com/categorie/vetements-homme?page=112","Polo Lacoste","10 000CFA","Dakar Plateau, Dakar, Sénégal","https://images.coinafrique.com/thumb_2288142_uploaded_image1_1592228214.jpg"
"1767357319-609","https://sn.coinafrique.com/categorie/vetements-homme?page=112","Polo Lacoste","10 000CFA","Dakar Plateau, Dakar, Sénégal","https://images.coinafrique.com/thumb_2288138_uploaded_image1_1592228181.jpg"
"1767357319-610","https://sn.coinafrique.com/categorie/vetements-homme?page=112","Lacoste","10 000CFA","Dakar Plateau, Dakar, Sénégal","https://images.coinafrique.com/thumb_2288132_uploaded_image1_1592228144.jpg"
"1767357319-611","https://sn.coinafrique.com/categorie/vetements-homme?page=112","Chemises","10 000CFA","Dakar Plateau, Dakar, Sénégal","https://images.coinafrique.com/thumb_2286587_uploaded_image1_1592213718.jpg"
"1767357319-612","https://sn.coinafrique.com/categorie/vetements-homme?page=112","Chemises","10 000CFA","Dakar Plateau, Dakar, Sénégal","https://images.coinafrique.com/thumb_2286583_uploaded_image1_1592213681.jpg"
"1767357319-613","https://sn.coinafrique.com/categorie/vetements-homme?page=112","Sous-vêtement et caleçons en coton","1 000CFA","Dakar, Sénégal","https://images.coinafrique.com/thumb_2285896_uploaded_image1_1592202730.jpg"
"1767357319-614","https://sn.coinafrique.com/categorie/vetements-homme?page=112","T-shirt pur coton","2 000CFA","Dakar, Sénégal","https://images.coinafrique.com/thumb_2285886_uploaded_image1_1592202459.jpg"
"1767357319-615","https://sn.coinafrique.com/categorie/vetements-homme?page=112","Ensemble vêtements","10 000CFA","Dakar, Sénégal","https://images.coinafrique.com/thumb_2285700_uploaded_image1_1592185737.jpg"
"1767357319-616","https://sn.coinafrique.com/categorie/vetements-homme?page=112","Ensemble homme","15 000CFA","Guediawaye, Dakar, Sénégal","https://images.coinafrique.com/thumb_2285513_uploaded_image1_1592179631.61.jpeg"
"1767357319-617","https://sn.coinafrique.com/categorie/vetements-homme?page=112","Ensemble haut et pantalon","12 000CFA","Dakar Plateau, Dakar, Sénégal","https://images.coinafrique.com/thumb_2285197_uploaded_image1_1592174719.jpg"
"1767357319-618","https://sn.coinafrique.com/categorie/vetements-homme?page=112","Ensemble chemise et pantalon","12 000CFA","Dakar Plateau, Dakar, Sénégal","https://images.coinafrique.com/thumb_2285194_uploaded_image1_1592174690.jpg"
"1767357319-619","https://sn.coinafrique.com/categorie/vetements-homme?page=112","Ensemble haut et pantalon","12 000CFA","Dakar Plateau, Dakar, Sénégal","https://images.coinafrique.com/thumb_2285191_uploaded_image1_1592174653.jpg"
"1767357319-620","https://sn.coinafrique.com/categorie/vetements-homme?page=112","Ensemble polo et pantalon","12 000CFA","Dakar Plateau, Dakar, Sénégal","https://images.coinafrique.com/thumb_2285189_uploaded_image1_1592174631.jpg"
"1767357319-621","https://sn.coinafrique.com/categorie/vetements-homme?page=112","Pantalon kaki","6 500CFA","Dakar Plateau, Dakar, Sénégal","https://images.coinafrique.com/thumb_2285186_uploaded_image1_1592174596.jpg"
"1767357319-622","https://sn.coinafrique.com/categorie/vetements-homme?page=112","Pantalon kaki","6 500CFA","Dakar Plateau, Dakar, Sénégal","https://images.coinafrique.com/thumb_2285184_uploaded_image1_1592174568.jpg"
"1767357319-623","https://sn.coinafrique.com/categorie/vetements-homme?page=112","Pantalons Kaki","6 500CFA","Dakar Plateau, Dakar, Sénégal","https://images.coinafrique.com/thumb_2285175_uploaded_image1_1592174525.jpg"
"1767357319-624","https://sn.coinafrique.com/categorie/vetements-homme?page=112","Pantalon kaki","6 500CFA","Dakar Plateau, Dakar, Sénégal","https://images.coinafrique.com/thumb_2285171_uploaded_image1_1592174485.jpg"
"1767357319-625","https://sn.coinafrique.com/categorie/vetements-homme?page=112","Chemises","10 000CFA","Dakar Plateau, Dakar, Sénégal","https://images.coinafrique.com/thumb_2284291_uploaded_image1_1592161488.jpg"
"1767357319-626","https://sn.coinafrique.com/categorie/vetements-homme?page=112","Polo Lacoste","10 000CFA","Dakar Plateau, Dakar, Sénégal","https://images.coinafrique.com/thumb_2284271_uploaded_image1_1592161188.jpg"
"1767357319-627","https://sn.coinafrique.com/categorie/vetements-homme?page=112","Ensemble homme","15 000CFA","Biscuiterie, Dakar, Sénégal","https://images.coinafrique.com/thumb_2283427_uploaded_image1_1592149502.jpg"
"1767357319-628","https://sn.coinafrique.com/categorie/vetements-homme?page=112","Ensemble été","15 000CFA","Biscuiterie, Dakar, Sénégal","https://images.coinafrique.com/thumb_2283395_uploaded_image1_1592149061.jpg"
"1767357319-629","https://sn.coinafrique.com/categorie/vetements-homme?page=112","Pantalons jeans","10 000CFA","Parcelle Assainies, Dakar, Sénégal","https://images.coinafrique.com/thumb_2283228_uploaded_image1_1592146183.jpg"
"1767357319-630","https://sn.coinafrique.com/categorie/vetements-homme?page=112","Pantalon Kaki","10 000CFA","Parcelle Assainies, Dakar, Sénégal","https://images.coinafrique.com/thumb_2283185_uploaded_image1_1592145388.jpg"
"1767357319-631","https://sn.coinafrique.com/categorie/vetements-homme?page=112","Bombers","15 000CFA","Dakar Plateau, Dakar, Sénégal","https://images.coinafrique.com/thumb_2282028_uploaded_image1_1592127639.jpg"
"1767357319-632","https://sn.coinafrique.com/categorie/vetements-homme?page=112","Lacoste","8 500CFA","Dakar, Sénégal","https://images.coinafrique.com/thumb_2281440_uploaded_image1_1592114091.jpg"
"1767357319-633","https://sn.coinafrique.com/categorie/vetements-homme?page=112","Chemises homme","8 500CFA","Dakar, Sénégal","https://images.coinafrique.com/thumb_2281438_uploaded_image1_1592114028.jpg"
"1767357319-634","https://sn.coinafrique.com/categorie/vetements-homme?page=112","Polo Lacoste","8 500CFA","Dakar, Sénégal","https://images.coinafrique.com/thumb_2281435_uploaded_image1_1592113923.jpg"
"1767357319-635","https://sn.coinafrique.com/categorie/vetements-homme?page=112","Pull homme","35 000CFA","Dakar, Sénégal","https://images.coinafrique.com/thumb_2281408_uploaded_image1_1592112580.jpg"
"1767357319-636","https://sn.coinafrique.com/categorie/vetements-homme?page=112","Pull homme","35 000CFA","Sicap Liberté, Dakar, Sénégal","https://images.coinafrique.com/thumb_2281404_uploaded_image1_1592112422.jpg"
"1767357319-637","https://sn.coinafrique.com/categorie/vetements-homme?page=112","Boubou","40 000CFA","Keur Massar, Sénégal","https://images.coinafrique.com/thumb_2281403_uploaded_image1_1592112390.jpg"
"1767357319-638","https://sn.coinafrique.com/categorie/vetements-homme?page=112","Pull homme","35 000CFA","Sicap Liberté, Dakar, Sénégal","https://images.coinafrique.com/thumb_2281400_uploaded_image1_1592112267.jpg"
"1767357319-639","https://sn.coinafrique.com/categorie/vetements-homme?page=112","Pull Bape","35 000CFA","Sicap Liberté, Dakar, Sénégal","https://images.coinafrique.com/thumb_2281397_uploaded_image1_1592112183.jpg"
"1767357319-640","https://sn.coinafrique.com/categorie/vetements-homme?page=112","Pull","35 000CFA","Sicap Liberté, Dakar, Sénégal","https://images.coinafrique.com/thumb_2281387_uploaded_image1_1592111675.jpg"
"1767357319-641","https://sn.coinafrique.com/categorie/vetements-homme?page=112","Pull","35 000CFA","Sicap Liberté, Dakar, Sénégal","https://images.coinafrique.com/thumb_2281384_uploaded_image1_1592111472.jpg"
"1767357319-642","https://sn.coinafrique.com/categorie/vetements-homme?page=112","Pull Bape","35 000CFA","Sicap Liberté, Dakar, Sénégal","https://images.coinafrique.com/thumb_2281382_uploaded_image1_1592111388.jpg"
"1767357319-643","https://sn.coinafrique.com/categorie/vetements-homme?page=112","Pull Bape","35 000CFA","Sicap Liberté, Dakar, Sénégal","https://images.coinafrique.com/thumb_2281379_uploaded_image1_1592111277.jpg"
"1767357319-644","https://sn.coinafrique.com/categorie/vetements-homme?page=112","Pull Bape","35 000CFA","Sicap Liberté, Dakar, Sénégal","https://images.coinafrique.com/thumb_2281376_uploaded_image1_1592111161.jpg"
"1767357319-645","https://sn.coinafrique.com/categorie/vetements-homme?page=112","Pull bape","35 000CFA","Sicap Liberté, Dakar, Sénégal","https://images.coinafrique.com/thumb_2281370_uploaded_image1_1592111039.jpg"
"1767357319-646","https://sn.coinafrique.com/categorie/vetements-homme?page=112","Pull capuchon","35 000CFA","Sicap Liberté, Dakar, Sénégal","https://images.coinafrique.com/thumb_2281368_uploaded_image1_1592110985.jpg"
"1767357319-647","https://sn.coinafrique.com/categorie/vetements-homme?page=112","Pull Bape","35 000CFA","Sicap Liberté, Dakar, Sénégal","https://images.coinafrique.com/thumb_2281353_uploaded_image1_1592110675.jpg"
"1767357319-648","https://sn.coinafrique.com/categorie/vetements-homme?page=112","Pull Bape","35 000CFA","Sicap Liberté, Dakar, Sénégal","https://images.coinafrique.com/thumb_2281344_uploaded_image1_1592110527.jpg"
"1767357319-649","https://sn.coinafrique.com/categorie/vetements-homme?page=112","Ensemble homme","22 000CFA","Fass, Dakar, Sénégal","https://images.coinafrique.com/thumb_2280911_uploaded_image1_1592090083.jpg"
"1767357319-650","https://sn.coinafrique.com/categorie/vetements-homme?page=112","Pantalon Kaki","6 500CFA","Dakar Plateau, Dakar, Sénégal","https://images.coinafrique.com/thumb_2280896_uploaded_image1_1592089766.jpg"
"1767357319-651","https://sn.coinafrique.com/categorie/vetements-homme?page=112","Pantalons","6 500CFA","Dakar Plateau, Dakar, Sénégal","https://images.coinafrique.com/thumb_2280893_uploaded_image1_1592089726.jpg"
"1767357319-652","https://sn.coinafrique.com/categorie/vetements-homme?page=112","Kaki pantalons","6 500CFA","Dakar Plateau, Dakar, Sénégal","https://images.coinafrique.com/thumb_2280890_uploaded_image1_1592089697.jpg"
"1767357319-653","https://sn.coinafrique.com/categorie/vetements-homme?page=112","Chemise et pantalons","12 000CFA","Dakar Plateau, Dakar, Sénégal","https://images.coinafrique.com/thumb_2280873_uploaded_image1_1592089449.jpg"
"1767357319-654","https://sn.coinafrique.com/categorie/vetements-homme?page=112","Ensemble vêtements homme","12 000CFA","Dakar Plateau, Dakar, Sénégal","https://images.coinafrique.com/thumb_2280869_uploaded_image1_1592089400.jpg"
"1767357319-655","https://sn.coinafrique.com/categorie/vetements-homme?page=112","Ensemble","12 000CFA","Dakar Plateau, Dakar, Sénégal","https://images.coinafrique.com/thumb_2280864_uploaded_image1_1592089370.jpg"
"1767357319-656","https://sn.coinafrique.com/categorie/vetements-homme?page=112","Ensemble homme","12 000CFA","Dakar Plateau, Dakar, Sénégal","https://images.coinafrique.com/thumb_2280861_uploaded_image1_1592089338.jpg"
"1767357319-657","https://sn.coinafrique.com/categorie/vetements-homme?page=112","Ensemble homme","12 000CFA","Dakar Plateau, Dakar, Sénégal","https://images.coinafrique.com/thumb_2280859_uploaded_image1_1592089309.jpg"
"1767357319-658","https://sn.coinafrique.com/categorie/vetements-homme?page=112","Body et short","15 000CFA","Mermoz-Sacré Coeur, Dakar, Sénégal","https://images.coinafrique.com/thumb_2280682_uploaded_image1_1592086187.jpg"
"1767357319-659","https://sn.coinafrique.com/categorie/vetements-homme?page=112","Body et short","15 000CFA","Mermoz-Sacré Coeur, Dakar, Sénégal","https://images.coinafrique.com/thumb_2280678_uploaded_image1_1592086046.jpg"
"1767357319-660","https://sn.coinafrique.com/categorie/vetements-homme?page=112","Ensemble body - short","15 000CFA","Mermoz-Sacré Coeur, Dakar, Sénégal","https://images.coinafrique.com/thumb_2280673_uploaded_image1_1592085956.jpg"
"1767357319-661","https://sn.coinafrique.com/categorie/vetements-homme?page=112","T-shirt","4 000CFA","Rufisque, Sénégal","https://images.coinafrique.com/thumb_2279785_uploaded_image1_1592071063.jpg"
"1767357319-662","https://sn.coinafrique.com/categorie/vetements-homme?page=112","Body homme","3 000CFA","Dakar, Sénégal","https://images.coinafrique.com/thumb_2279684_uploaded_image1_1592068298.jpg"
"1767357319-663","https://sn.coinafrique.com/categorie/vetements-homme?page=112","Ensemble Vêtement - Coton","13 500CFA","Dakar, Sénégal","https://images.coinafrique.com/thumb_2278969_uploaded_image1_1592057997.jpg"
"1767357319-664","https://sn.coinafrique.com/categorie/vetements-homme?page=112","Ensemble vêtements original coton 100%","13 500CFA","Dakar, Sénégal","https://images.coinafrique.com/thumb_2278930_uploaded_image1_1592057679.jpg"
"1767357319-665","https://sn.coinafrique.com/categorie/vetements-homme?page=112","Ensemble short","12 000CFA","Rufisque, Sénégal","https://images.coinafrique.com/thumb_2278435_uploaded_image1_1592051739.jpg"
"1767357319-666","https://sn.coinafrique.com/categorie/vetements-homme?page=112","T-shirt","4 000CFA","Rufisque, Sénégal","https://images.coinafrique.com/thumb_2278417_uploaded_image1_1592051611.jpg"
"1767357319-667","https://sn.coinafrique.com/categorie/vetements-homme?page=112","Vêtements  de pluie","Prix sur demande","Dakar Plateau, Dakar, Sénégal","https://images.coinafrique.com/thumb_2277746_uploaded_image1_1592045256.jpg"
"1767357319-668","https://sn.coinafrique.com/categorie/vetements-homme?page=112","Lacoste","10 000CFA","Dakar Plateau, Dakar, Sénégal","https://images.coinafrique.com/thumb_2277453_uploaded_image1_1592041142.jpg"
"1767357319-669","https://sn.coinafrique.com/categorie/vetements-homme?page=112","Ensemble complet","14 000CFA","Dakar, Sénégal","https://images.coinafrique.com/thumb_2276787_uploaded_image1_1592032552.jpg"
"1767357319-670","https://sn.coinafrique.com/categorie/vetements-homme?page=112","Vêtements","Prix sur demande","Pikine, Sénégal","https://images.coinafrique.com/thumb_2276319_uploaded_image1_1592014660.jpg"
"1767357319-671","https://sn.coinafrique.com/categorie/vetements-homme?page=112","Sous-vêtements débardeurs pack de 3","3 000CFA","Hann Bel-Air, Dakar, Sénégal","https://images.coinafrique.com/thumb_2275977_uploaded_image1_1592004318.jpg"
"1767357319-672","https://sn.coinafrique.com/categorie/vetements-homme?page=112","Pantalon Kaki","6 500CFA","Dakar Plateau, Dakar, Sénégal","https://images.coinafrique.com/thumb_2275927_uploaded_image1_1592003470.jpg"
